原价,特价,药名,厂家,规格,效期,限购
￥12.00,9.90,复方氨酚烷胺片(感康), 吉林省吴太感康药业有限公司,规格：12片,件装量：300,
￥2.60,1.90,风油精, 漳州水仙药业股份有限公司,规格：3ml,件装量：1000,
￥3.50,2.80,氯雷他定片(泰明可), 山东良福制药有限公司,规格：10mg*6片,件装量：400,
￥22.30,19.80,复方葡萄糖酸钙口服溶液, 哈药集团三精制药有限公司 ,规格：10ml*12支,件装量：80,
￥10.70,9.80,阿苯达唑片(肠虫清片), 中美天津史克制药有限公司,规格：0.2g*10片,件装量：200,
￥14.90,13.80,金钱草颗粒(直立袋), 重庆科瑞制药(集团)有限公司委托重庆科瑞东和制药有限责任公司,规格：10g*20袋,件装量：60,
￥2.10,1.95,藿香正气水, 四川天府康达药业集团府庆制药有限公司(原四川省府庆制药有限公司),规格：10ml*10支,件装量：200,
￥15.50,13.20,琥珀酸美托洛尔缓释片(YF)(倍他乐克), AstraZeneca AB(分包装药品：阿斯利康制药有限公司),规格：47.5mg*7片,件装量：480,
￥56.50,48.50,甲磺酸氨氯地平片, 昆明赛诺制药股份有限公司,规格：5mg*7片*4板,件装量：300,
￥16.50,15.55,云南白药创可贴(轻巧透气型), 云南白药集团无锡药业有限公司委托江苏南方卫材医药股份有限公司,规格：100片,件装量：100,
￥37.50,31.50,左甲状腺素钠片(优甲乐), MerckKGaA,规格：50ug*100片,件装量：120,
￥8.30,7.80,金嗓子喉片, 广西金嗓子有限责任公司,规格：2g*12片,件装量：384,
￥2.35,2.20,复方酮康唑软膏, 浙江鼎泰药业股份有限公司,规格：7g,件装量：400,
￥14.70,13.80,阿司匹林肠溶片(拜阿司匹灵), 拜耳医药保健有限公司,规格：100mg*30片,件装量：270,
￥29.50,27.60,云南白药气雾剂, 云南白药集团股份有限公司,规格：30g:85g,件装量：60,
￥3.80,3.60,麝香壮骨膏, 九寨沟天然药业股份有限公司(原九寨沟天然药业集团有限责任公司),规格：10贴,件装量：300,
￥3.50,3.30,甲钴胺片, 江苏迪赛诺制药有限公司,规格：0.5mg*10片*2板,件装量：400,
￥20.50,18.50,硝酸咪康唑乳膏(达克宁), 西安杨森制药有限公司,规格：20g:2%*1支,件装量：420,
￥8.50,8.25,复方醋酸地塞米松乳膏（皮炎平）, 华润三九医药股份有限公司,规格：20g:15mg,件装量：300,
,28.30,塞来昔布胶囊(西乐葆), Pfizer Pharmaceuticals LLC(分包装厂：辉瑞制药有限公司),规格：0.2g*6粒,件装量：360,
￥8.20,7.90,马应龙麝香痔疮膏, 马应龙药业集团股份有限公司,规格：10g,件装量：600,
￥4.20,3.70,多潘立酮片(基)(宝泰理通), 山西宝泰药业有限责任公司,规格：10mg*30片,件装量：480,
￥21.50,20.90,吗丁啉/多潘立酮片, 西安杨森制药有限公司,规格：10mg*30片,件装量：450,
￥12.20,11.80,感冒灵颗粒, 华润三九医药股份有限公司委托华润三九(枣庄)药业有限公司,规格：10克*9袋,件装量：100,
￥51.50,33.20,非布司他片(瑞扬), 江苏恒瑞医药股份有限公司委托成都盛迪医药有限公司,规格：40mg*10片,件装量：100,
￥5.80,5.50,多酶片, 四川菲德力制药有限公司,规格：100片,件装量：360,
￥8.50,8.10,复方氨酚烷胺胶囊(快克胶囊), 海南亚洲制药股份有限公司,规格：10粒,件装量：300,
￥1.00,0.95,醋酸地塞米松片, 新乡市常乐制药有限责任公司,规格：0.75mg*100片,件装量：800,
,4.95,阿咖酚散(长盒), 重庆和平制药有限公司,规格：0.386g*100包,件装量：100,
￥8.90,8.50,金刚藤软胶囊, 浙江爱生药业有限公司,规格：0.5g*24粒,件装量：300,
￥24.80,20.40,玉屏风颗粒, 国药集团广东环球制药有限公司,规格：5g*18袋,件装量：90,
￥29.50,28.80,速效救心丸, 天津中新药业集团股份有限公司第六中药厂,规格：60粒/瓶*2瓶,件装量：200,
￥7.60,7.10,通窍鼻炎颗粒, 四川川大华西药业股份有限公司,规格：2g*9袋,件装量：300,
￥6.90,6.60,阿莫西林胶囊, 国药集团汕头金石制药有限公司,规格：0.5g*30粒,件装量：400,
￥2.00,1.80,葡萄糖注射液（50%）, 湖北科伦药业有限公司,规格：20ml:10g*5支(玻璃瓶),件装量：80,
￥3.80,3.65,阿莫西林胶囊, 重庆科瑞制药(集团)有限公司,规格：0.25g*50粒,件装量：400,
￥13.30,12.55,甲磺酸倍他司汀片（敏使朗）, 卫材(中国)药业有限公司,规格：6mg*10片*3板,件装量：400,
￥5.80,5.20,盐酸氨溴索口服溶液(瑞田), 黑龙江中桂制药有限公司,规格：5ml：15mg*10支（儿童）,件装量：120,
￥4.10,3.95,一清颗粒, 山西澳迩药业有限公司,规格：7.5g*12袋,件装量：120,
￥18.50,17.60,安神补脑液, 吉林敖东延边药业股份有限公司,规格：10ml*10支,件装量：60,
￥6.30,6.00,(基)盐酸氨溴索口服溶液(瑞田), 黑龙江中桂制药有限公司,规格：10ml*15支（成人）,件装量：60,
￥14.90,14.20,妥布霉素滴眼液(托百士), s.a.ALCON-COUVREURn.v.(比利时),规格：5ml/支(0.3%),件装量：720,
￥149.50,138.90,利伐沙班片(拜瑞妥), Bayer AG(分包装厂：拜耳医药保健有限公司),规格：10mg*5片,件装量：216,
￥1.35,1.25,双氯芬酸钠肠溶片(双氯灭痛), 四川依科制药有限公司(原四川蜀中制药有限公司),规格：25mg*100片,件装量：900,
￥23.80,22.30,苯磺酸氨氯地平片(络活喜), 辉瑞制药有限公司,规格：5mg*7片,件装量：400,
￥15.00,11.80,阿魏酸哌嗪片(保肾康), 湖南千金湘江药业股份有限公司,规格：50mg*50片,件装量：300,
￥14.60,12.90,吸入用布地奈德混悬液(WS), AstraZenecaPtyLtd,规格：1mg:2ml*5支,件装量：540,
￥6.50,6.20,正红花油, 成都东洋百信制药有限公司,规格：20ml,件装量：144,
￥5.20,4.90,野木瓜片, 广西泰诺制药有限公司,规格：0.42g*100片,件装量：300,
￥6.50,5.60,苯磺酸氨氯地平片, 山西华元医药生物技术有限公司,规格：10片*3板,件装量：400,
￥5.40,5.10,阿咖酚散(方盒蓝色包装), 重庆和平制药有限公司,规格：0.386g*100包,件装量：100,
￥248.00,238.00,复方阿胶浆(无糖), 东阿阿胶股份有限公司,规格：20ml*48支,件装量：6,
,2.98,鼻舒适片, 广东省惠州市中药厂有限公司,规格：60片,件装量：600,
￥4.00,3.85,感冒软胶囊, 吉林省通化博祥药业股份有限公司,规格：0.425g*12粒*2板,件装量：400,
￥3.15,2.90,蒲地蓝消炎片, 甘肃岷海制药有限责任公司,规格：0.3g*48片,件装量：300,
￥41.50,39.80,阿托伐他汀钙片(立普妥), 辉瑞制药有限公司,规格：20mg*7片,件装量：320,
￥27.20,26.50,硫酸氢氯吡格雷片(波立维), 赛诺菲(杭州)制药有限公司,规格：75mg*7片,件装量：360,
￥7.20,6.88,肺宁颗粒(返魂草颗粒), 吉林省罗邦药业有限公司,规格：10g*10袋,件装量：160,
￥0.47,0.46,开塞露(甘油)(带盖), 福元药业有限公司,规格：20ml,件装量：600,
￥6.00,5.85,盐酸二甲双胍缓释片(悦达宁), 悦康药业集团股份有限公司,规格：0.5g*30片,件装量：400,
￥13.20,12.90,阿托伐他汀钙片(阿乐), 北京嘉林药业股份有限公司,规格：10mg*7片,件装量：240,
￥30.00,28.40,孟鲁司特钠片(顺尔宁), 杭州默沙东制药有限公司,规格：10mg*5片,件装量：400,
￥9.20,8.80,阿法骨化醇软胶囊(奥司惠), 广州白云山星群(药业)股份有限公司,规格：0.25ug*20粒,件装量：300,
,3.80,小儿咽扁颗粒, 黑龙江龙桂制药有限公司,规格：4g*12袋,件装量：200,
￥6.40,6.30,硫酸沙丁胺醇片(舒喘灵片), 江苏亚邦爱普森药业有限公司,规格：2mg*100片,件装量：600,
￥7.50,7.20,酒石酸美托洛尔片, 阿斯利康制药有限公司,规格：25mg*20片,件装量：240,
￥7.50,6.60,格列齐特缓释片, 天津中新药业集团股份有限公司新新制药厂,规格：30mg*30粒,件装量：300,
￥1.95,1.85,盐酸氨溴索片(基药), 山东裕欣药业有限公司(原山东罗欣药业集团,规格：30mg*20片,件装量：400,
￥12.50,11.90,非洛地平缓释片, 南京易亨制药有限公司,规格：5mg*10片*2板,件装量：300,
￥3.00,2.78,氨苄西林胶囊, 重庆科瑞制药(集团)有限公司,规格：0.25g*24粒,件装量：500,
￥7.90,7.50,莫匹罗星软膏, 杭州朱养心药业有限公司,规格：5g(2%),件装量：200,
￥109.00,103.00,屈螺酮炔雌醇片(优思明), 拜耳医药保健有限公司广州分公司,规格：21片,件装量：240,
￥8.00,7.70,去痛片, 山西太原药业有限公司,规格：100片,件装量：300,
￥4.50,4.10,盐酸吗啉胍片(病毒灵), 北京中新药业股份有限公司,规格：0.1g*100片,件装量：900,
￥9.00,8.50,双黄连口服液, 黑龙江瑞格制药有限公司,规格：10ml*10支,件装量：90,
￥11.00,9.50,维A酸乳膏(迪维霜), 重庆华邦制药有限公司,规格：0.025％*15g,件装量：200,
￥6.60,6.30,贝诺酯片(扑炎痛片), 重庆迪康长江制药有限公司,规格：0.5g*100片,件装量：200,
￥27.00,26.50,苯磺酸左氨氯地平片(施慧达), 施慧达药业集团(吉林)有限公司,规格：2.5mg*14片,件装量：200,
￥14.00,13.80,复方氨酚那敏颗粒(速冲), 河北长天药业有限公司,规格：50袋,件装量：30,
￥51.50,49.80,氟哌噻吨美利曲辛片(黛力新), H.Lundbeck A/S,规格：20片,件装量：162,
￥0.80,0.70,维生素B1片, 上海全宇生物科技确山制药有限公司,规格：10mg*100片,件装量：800,
￥15.50,14.50,颈腰康胶囊(WS), 通化卫京药业股份有限公司,规格：0.33g*40粒,件装量：200,
￥3.80,3.70,复方倍氯米松樟脑乳膏(无极膏), 漳州无极药业有限公司,规格：10g,件装量：1000,
￥1.25,1.20,红霉素软膏, 新乡华青药业有限公司,规格：1％:8g,件装量：1200,
￥11.20,10.90,呋塞米片(速尿片), 江苏亚邦爱普森药业有限公司,规格：20mg*100片,件装量：600,
￥48.50,47.50,盐酸坦索罗辛缓释胶囊(哈乐), 安斯泰来制药(中国)有限公司,规格：0.2mg*10粒,件装量：200,
￥8.90,7.80,口腔溃疡含片, 西安迪赛生物药业有限责任公司,规格：0.3g*12片,件装量：240,
￥25.73,23.80,脑心通胶囊, 陕西步长制药有限公司,规格：0.4g*36粒,件装量：100,
￥6.50,6.30,双氯芬酸钠缓释胶囊(易克), 南京易亨制药有限公司,规格：12粒*2板,件装量：300,
￥4.98,4.70,泮托拉唑钠肠溶片, 湖北济安堂药业股份有限公司原湖北济安堂药业有限公司,规格：40mg*7片,件装量：300,
￥5.00,4.60,盐酸左西替利嗪片(西可新), 苏州东瑞制药有限公司,规格：5mg*12片,件装量：400,
￥25.50,24.50,盐酸二甲双胍片(格华止), 中美上海施贵宝制药有限公司,规格：0.5g*20片,件装量：360,
￥29.50,28.80,维生素AD滴剂(伊可新1岁以上), 山东达因海洋生物制药股份有限公司,规格：A2000单位*30粒,件装量：180,
￥13.00,12.50,苯溴马隆片(尤诺), 常州康普药业有限公司,规格：50mg*10片,件装量：400,
￥6.90,6.70,布洛芬缓释胶囊, 珠海润都制药股份有限公司,规格：0.3g*14粒*2板,件装量：300,
￥9.90,9.50,复方醋酸氟轻松酊(皮炎宁酊), 国药集团三益药业(芜湖)有限公司(原芜湖三,规格：20ml,件装量：400,
￥29.50,28.80,维生素AD滴剂(伊可新0-1岁), 山东达因海洋生物制药股份有限公司,规格：A1500单位*30粒,件装量：180,
￥5.80,5.60,感冒灵颗粒, 广西济民制药有限公司(原广西济民制药厂),规格：10g*9袋,件装量：100,
￥4.20,4.05,甲硝唑片, 华中药业股份有限公司,规格：0.2g*100片,件装量：300,
￥4.30,4.10,肾石通颗粒, 甘肃岷海制药有限责任公司,规格：15g*10袋,件装量：120,
￥7.20,6.80,马来酸依那普利片, 湖南千金湘江药业股份有限公司,规格：10mg*16片,件装量：400,
￥21.60,19.60,枸橼酸铋钾片/替硝唑片/克拉霉素片(丽珠维三联), 丽珠集团丽珠制药厂,规格：8片,件装量：320,
￥3.10,3.00,清热散结片, 广东省惠州市中药厂有限公司,规格：50片,件装量：600,
￥3.05,2.85,银黄颗粒, 四川省仁德制药有限公司,规格：4g*10袋,件装量：200,
￥5.55,5.40,盐酸二甲双胍缓释片(圣邦杰), 山东司邦得制药有限公司,规格：0.5g*10片*3板,件装量：300,
￥0.59,0.58,氨咖黄敏胶囊(速效感冒胶囊), 四川菲德力制药有限公司,规格：10粒,件装量：3000,
￥9.50,8.90,琥乙红霉素片(利君沙), 西安利君制药有限责任公司,规格：0.125g*24片,件装量：1000,
￥8.30,8.10,格列齐特片, 四川美大康药业股份有限公司,规格：80mg*12片*5板,件装量：400,
￥89.50,83.50,气血和胶囊, 陕西摩美得气血和制药有限公司,规格：0.4g*36粒*6袋,件装量：20,
￥11.80,11.50,马应龙麝香痔疮栓, 马应龙药业集团股份有限公司,规格：1.5g*6枚,件装量：200,
￥8.50,7.50,消咳喘胶囊, 成都永康制药有限公司,规格：0.35g*12粒*3板,件装量：240,
￥5.80,5.55,三蛇胆川贝糖浆, 广东一力罗定制药有限公司,规格：150ml,件装量：100,
￥58.00,56.20,艾司奥美拉唑镁肠溶片, 阿斯利康制药有限公司,规格：20mg*7片,件装量：120,
￥37.50,37.10,格华止/盐酸二甲双胍片, 中美上海施贵宝制药有限公司,规格：0.85g*20片,件装量：240,
￥0.65,0.55,诺氟沙星胶囊, 山西千汇药业有限公司,规格：0.1g*10粒,件装量：3000,
,6.10,复方胃蛋白酶颗粒(消食灵颗粒), 四川菲德力制药有限公司,规格：10g*18袋,件装量：50,
￥15.80,15.20,皮肤病血毒丸, 北京同仁堂制药有限公司,规格：200粒(30g),件装量：144,
￥33.50,32.10,阿奇霉素干混悬剂(希舒美), 辉瑞制药有限公司,规格：0.1g*6袋,件装量：150,
￥129.50,125.00,地屈孕酮片(达芙通), Abbott Biologicals B.V.,规格：10mg*20片,件装量：120,
￥4.20,4.00,头孢呋辛酯片(达力新), 国药集团致君(深圳)制药有限公司,规格：0.25g*6片,件装量：480,
￥4.85,4.77,复方岩白菜素片, 云南明镜亨利制药有限公司,规格：125mg*30片,件装量：1000,
￥20.90,20.10,枸橼酸莫沙必利分散片(新络纳), 成都康弘药业集团股份有限公司,规格：5mg*20片,件装量：240,
￥21.80,21.10,非洛地平缓释片(波依定), 阿斯利康制药有限公司,规格：2.5mg*10片,件装量：480,
￥25.00,24.10,铝镁加混悬液(安达), 扬州一洋制药有限公司,规格：15ml:1.5g*15袋,件装量：60,
￥16.50,16.00,维U颠茄铝胶囊II(斯达舒), 修正药业集团股份有限公司,规格：16粒,件装量：200,
￥7.30,5.50,川贝枇杷糖浆, 江西和盈药业有限公司,规格：150ml,件装量：100,
￥8.80,8.35,咳特灵胶囊, 广州白云山医药集团股份有限公司白云山制药总厂,规格：30粒,件装量：300,
￥93.00,88.50,枸橼酸西地那非片(万艾可), 辉瑞制药有限公司,规格：100mg*1片,件装量：240,
￥6.30,5.95,大山楂颗粒, 四川依科制药有限公司(原四川蜀中制药有限公司),规格：15g*20袋,件装量：60,
￥13.20,12.90,咽立爽口含滴丸, 贵州黄果树立爽药业有限公司,规格：0.025g*50丸,件装量：300,
￥12.70,12.50,双氯芬酸钠肠溶片(双氯灭痛), 四川依科制药有限公司(原四川蜀中制药有限公司),规格：25mg*24片*20瓶,件装量：120,
￥9.40,9.20,左炔诺孕酮片(毓婷), 华润紫竹药业有限公司,规格：0.75mg*2片,件装量：500,
￥24.50,23.90,地榆升白片, 成都地奥集团天府药业股份有限公司,规格：0.1g*40片,件装量：480,
￥8.20,7.98,牛黄解毒片, 湖北仁悦药业股份有限公司,规格：12片*30袋,件装量：100,
￥28.00,26.50,爱普列特片, 江苏联环药业股份有限公司,规格：5mg*10片,件装量：300,
￥3.65,3.60,盐酸金霉素眼膏, 新乡华青药业有限公司,规格：0.5％*2g,件装量：2000,
￥6.30,5.80,消炎利胆片, 广东罗浮山国药股份有限公司,规格：0.25g*100片,件装量：400,
￥77.00,71.20,迈之灵片, 德国礼达大药厂,规格：260mg（每片含马栗提取物150mg）*40片,件装量：240,
￥4.50,4.30,咳特灵片(精), 广东罗浮山国药股份有限公司,规格：100片,件装量：480,
￥12.30,11.90,依巴斯汀片(思金), 杭州仟源保灵药业有限公司（原杭州澳医保灵药业有限公司）,规格：10mg*10片,件装量：320,
,5.50,琥乙红霉素颗粒(利君沙), 西安利君制药有限责任公司,规格：0.1g10袋,件装量：300,
￥19.66,18.80,湿毒清胶囊, 广西玉林制药集团有限责任公司,规格：0.5g*30粒,件装量：200,
￥6.98,6.70,尿感宁颗粒, 正大青春宝药业有限公司,规格：5g(无蔗糖)*6袋,件装量：100,
￥23.50,22.80,清喉利咽颗粒, 桂龙药业(安徽)有限公司,规格：5g（含乳糖）*8袋,件装量：200,
￥17.60,16.90,盐酸氨基葡萄糖胶囊(维尔固), 浙江诚意药业股份有限公司,规格：0.75g*20粒,件装量：240,
￥20.35,19.80,摩罗丹, 邯郸制药股份有限公司,规格：9g*9丸,件装量：150,
￥35.20,34.80,苄达赖氨酸滴眼液(莎普爱思), 浙江莎普爱思药业股份有限公司,规格：5ml:25mg,件装量：300,
￥6.25,6.05,血塞通片, 云南特安呐制药股份有限公司,规格：25mg*20片,件装量：600,
￥4.20,3.90,利巴韦林颗粒, 湖南千金湘江药业股份有限公司,规格：50mg*18袋,件装量：200,
￥5.90,5.55,陈香露白露片, 重庆科瑞制药(集团)有限公司,规格：0.3g*100片,件装量：200,
￥4.05,3.95,阿莫西林胶囊, 山东鲁抗医药股份有限公司,规格：0.25g*10粒*5板,件装量：400,
￥18.60,18.10,醋酸地塞米松口腔贴片（意可贴）, 深圳太太药业有限公司,规格：0.3mg*5片,件装量：480,
￥19.90,19.50,氯雷他定片(息斯敏), 西安杨森制药有限公司,规格：10mg*6片,件装量：360,
￥5.75,5.70,阿莫西林胶囊, 哈药集团制药总厂,规格：0.25g*50粒,件装量：400,
￥3.85,3.70,冬凌草片(精)(薄膜衣), 三门峡广宇生物制药有限公司,规格：0.26g*100片,件装量：400,
￥8.40,8.20,盐酸氨基葡萄糖胶囊（维尔固）, 浙江诚意药业股份有限公司委托山西同达药业有限公司,规格：0.24g*10粒*2板,件装量：320,
￥1.50,1.38,盐酸左氧氟沙星胶囊, 江苏福邦药业有限公司,规格：0.1g*12粒,件装量：400,
￥22.30,21.50,硫酸沙丁胺醇吸入气雾剂(万托林), GlaxoWellcomeS.A.(分包装厂：GlaxoSmithKline Australia Pty Ltd.),规格：100ug*200揿,件装量：100,
￥6.80,6.50,玄麦甘桔颗粒, 四川同人泰药业股份有限公司,规格：10g*20袋,件装量：60,
￥24.50,24.10,复方丹参滴丸, 天士力医药集团股份有限公司原(天士力医药集团股份有限公司天士力制药集团股份有限公司),规格：27mg*180丸,件装量：600,
￥1.50,1.40,羧甲司坦片(化痰片), 广东南国药业有限公司,规格：0.25g*12片,件装量：500,
￥7.00,6.90,盐酸地芬尼多片(眩晕停), 湖南千金湘江药业股份有限公司,规格：25mg*30片,件装量：600,
￥12.50,12.00,烧烫伤膏, 长春海外制药集团有限公司,规格：40g,件装量：200,
￥13.50,13.10,萘敏维滴眼液(润洁红), 山东博士伦福瑞达制药有限公司,规格：10ml,件装量：504,
￥1.95,1.88,醋酸泼尼松片(强的松片), 新乡市常乐制药有限责任公司,规格：5mg*100片,件装量：800,
￥3.90,3.55,活血止痛片, 江苏万高药业股份有限公司,规格：0.4g*12片*2板,件装量：300,
￥29.80,28.50,多糖铁复合物胶囊(力蜚能), KremeraUrbanPharmacauticalaInc.(分包装厂：优时比(珠海)制药有限公司),规格：0.15g*10粒,件装量：320,
￥18.50,18.10,消渴丸, 广州白云山中一药业有限公司,规格：30g(120丸),件装量：200,
￥24.30,23.70,小儿肺热咳喘口服液, 黑龙江葵花药业股份有限公司,规格：10ml*6支,件装量：60,
￥4.75,4.60,克拉霉素分散片(冰克), 四川省旺林堂药业有限公司,规格：0.25g*6片,件装量：400,
￥16.50,15.80,雷贝拉唑钠肠溶片(丁齐尔), 双鹤药业(海南)有限责任公司(原海南中化联),规格：10mg*7片,件装量：400,
￥4.25,3.30,乳酸菌素片, 黑龙江康麦斯药业有限公司,规格：0.4g*60片,件装量：400,
￥3.50,3.42,重感灵片, 广东嘉应制药股份有限公司,规格：48片,件装量：360,
￥31.50,31.00,氯芬黄敏片(感冒通片), 四川依科制药有限公司,规格：24片*25板纸盒,件装量：200,
￥12.70,12.20,维生素B2片, 湖北广济药业股份有限公司,规格：5mg*1000片,件装量：150,
￥15.50,14.90,盐酸倍他司汀口服液(西其汀), 黑龙江中桂制药有限公司,规格：10ml:20mg*15支,件装量：60,
￥16.70,16.30,抗病毒颗粒(无糖型), 四川光大制药有限公司,规格：4g*10袋,件装量：120,
￥23.00,22.20,桉柠蒎肠溶软胶囊(切诺  ), 北京远大九和药业有限公司,规格：0.3g*15粒,件装量：200,
￥2.80,2.78,人工牛黄甲硝唑胶囊(牙痛安), 重庆迪康长江制药有限公司,规格：12粒*2板,件装量：600,
￥63.20,61.80,丙戊酸钠缓释片（I）(德巴金), 赛诺菲(杭州)制药有限公司,规格：0.5g*30片,件装量：240,
￥7.70,7.50,小柴胡颗粒, 九寨沟天然药业股份有限公司(原九寨沟天然药业集团有限责任公司),规格：10g*20包,件装量：80,
￥12.20,11.99,复方利血平氨苯蝶啶片（北京降压0号）(降压0号), 华润双鹤药业股份有限公司(原北京双鹤药业有限公司),规格：10片,件装量：300,
￥2.50,2.40,盐酸左氧氟沙星胶囊, 海口奇力制药股份有限公司,规格：0.2g*12粒,件装量：500,
￥55.50,54.80,碳酸钙D3片(钙尔奇D), 惠氏制药有限公司,规格：600mg*60片,件装量：60,
￥44.50,43.90,儿童维D钙咀嚼片(迪巧)," A&Z Pharmaceutical,Inc.(分包装厂：安士制药(中山)有限公司)",规格：30片,件装量：200,
￥672.00,655.00,益安宁丸, 同溢堂药业有限公司,规格：112丸*3瓶,件装量：32,
￥5.00,4.88,胆舒软胶囊, 四川科伦药业股份有限公司,规格：0.3g*24粒,件装量：400,
￥56.20,53.80,瑞格列奈片(诺和龙), BoehringerIngelheimPharmaGmbH&Co.KG(丹麦诺和诺德公司),规格：1.0mg*30片,件装量：200,
￥7.80,7.70,保泰松片, 上海现代哈森(商丘)药业有限公司,规格：0.1g*100片,件装量：600,
￥10.10,9.90,气滞胃痛颗粒, 辽宁华润本溪三药有限公司,规格：2.5g*6袋,件装量：320,
￥8.30,8.20,酚氨咖敏片(克感敏片), 云南白药集团大理药业有限责任公司,规格：100片,件装量：200,
￥3.95,3.70,新生化颗粒, 湖南康尔佳制药股份有限公司,规格：6g*12袋,件装量：200,
￥20.00,18.00,复方地西泮片, 济宁市安康制药有限责任公司,规格：10片,件装量：400,
￥14.71,14.50,抗病毒颗粒, 四川光大制药有限公司,规格：9g*8袋,件装量：120,
￥18.50,17.80,红金消结片, 山东绿因药业有限公司,规格：0.5g*36片,件装量：200,
￥2.70,2.61,三黄片, 河南福森药业有限公司,规格：12片*3板,件装量：240,
￥52.00,49.30,格列美脲片(亚莫利), 赛诺菲(北京)制药有限公司,规格：2mg*15片,件装量：240,
￥14.94,14.50,阿莫西林颗粒(再林), 海南先声药业有限公司,规格：0.125g*24袋,件装量：200,
￥6.20,5.60,复方黄连素片, 湖北香连药业有限责任公司,规格：24片*2板,件装量：360,
￥6.80,6.60,坎地沙坦酯片(悉君宁), 广州白云山天心制药股份有限公司,规格：4mg*14片,件装量：500,
￥6.63,6.50,清淋颗粒, 绵阳一康制药有限公司,规格：10g*10袋,件装量：160,
￥10.40,9.80,双黄连口服液, 河南福森药业有限公司,规格：10ml*10支,件装量：90,
￥29.50,28.90,枸橼酸西地那非片(金戈), 广州白云山医药集团股份有限公司白云山制药总厂,规格：50mg*1片,件装量：200,
￥17.00,16.50,铝碳酸镁片(威地美), 重庆华森制药股份有限公司,规格：0.5g*24片,件装量：300,
￥13.50,13.10,复方硫酸软骨素滴眼液(润洁蓝), 山东博士伦福瑞达制药有限公司,规格：10ml,件装量：504,
￥16.60,16.50,夫西地酸乳膏(奥络), 澳美制药厂,规格：10g,件装量：360,
￥7.10,7.00,葡萄糖粉剂(原口服葡萄糖), 重庆和平制药有限公司,规格：500g,件装量：40,
￥5.60,5.50,复方黄连素片, 四川森科制药有限公司,规格：100片,件装量：360,
￥7.20,6.50,独一味软胶囊, 江苏万高药业股份有限公司,规格：0.55g*36粒,件装量：200,
￥13.50,11.80,六经头痛片, 天津中新药业集团股份有限公司隆顺榕制药厂,规格：0.35g*12片*2板,件装量：200,
￥26.50,25.50,复方丹参片(薄膜衣), 广州白云山和记黄埔中药有限公司,规格：0.32g*200片,件装量：200,
￥6.50,6.30,脑心舒口服液, 吉林敖东集团金海发药业股份有限公司,规格：10ml*10支,件装量：60,
￥66.80,63.50,瑞格列奈片(诺和龙), BoehringerIngelheimPharmaGmbH&Co.KG(丹麦诺和诺德公司),规格：2.0mg*30片,件装量：200,
￥29.10,25.20,银杏蜜环口服溶液, 邛崃天银制药有限公司,规格：10ml*12支,件装量：80,
￥1.00,0.90,葡萄糖注射液(50％)(塑管), 湖北科伦药业有限公司,规格：20ml:10g,件装量：600,
￥6.50,6.35,复方氯己定含漱液, 江苏晨牌邦德药业有限公司,规格：200ml*1瓶,件装量：60,
￥3.75,3.63,马来酸依那普利片, 上海现代制药股份有限公司,规格：5mg*16片,件装量：480,
￥13.50,12.90,通窍鼻炎颗粒, 成都迪康药业股份有限公司,规格：2g*9袋,件装量：200,
￥20.29,19.70,脉血康胶囊, 重庆多普泰制药股份有限公司（原重庆多普泰制药有限公司）,规格：0.25g*12粒*2板,件装量：200,
￥2.10,2.06,西地碘含片(花苏片), 国药集团容生制药有限公司(原天津药业焦作有限公司),规格：1.5mg*12片*2袋,件装量：600,
￥176.00,168.00,盐酸普拉克索片(森福罗), BoehringerIngelheimPharmaGmbH&Co.KG,规格：0.25mg*30片,件装量：144,
￥12.50,10.80,硝呋太尔片, 烟台鲁银药业有限公司,规格：0.2g*10片,件装量：300,
￥24.12,23.50,黄体酮胶囊(益玛欣), 浙江仙琚制药股份有限公司,规格：50mg*10粒*2板,件装量：200,
￥12.50,11.80,健儿消食口服液, 江中药业股份有限公司委托江西和盈药业有限公司,规格：10ml*10支,件装量：80,
￥9.70,9.50,沉香化气丸, 陕西汉王药业股份有限公司（原陕西汉王药业有限公司）,规格：6g*10袋（水丸）,件装量：160,
￥36.20,35.20,三黄片, 湖北仁悦药业股份有限公司,规格：0.26g*50片*30袋,件装量：30,
￥9.20,8.60,头孢地尼分散片, 江苏亚邦强生药业有限公司,规格：0.1g*6片,件装量：400,
￥4.60,4.40,阿莫西林胶囊, 四川依科制药有限公司,规格：0.5g*24粒,件装量：400,
￥12.00,11.50,聚乙二醇4000散(润可隆), 湖南华纳大药厂股份有限公司,规格：10g*10袋,件装量：120,
￥3.75,3.50,小儿咽扁颗粒, 山西澳迩药业有限公司,规格：8g*6袋,件装量：180,
￥25.80,25.10,苯溴马隆片(立加利仙), Excella GmbH & Co.KG (分包装厂：昆山龙灯瑞迪制药有限公司),规格：50mg*10片,件装量：300,
￥14.30,13.50,利咽灵片, 吉林省密之康药业有限责任公司,规格：20片,件装量：400,
￥1.60,1.50,炎立消胶囊, 黑龙江龙桂制药有限公司,规格：0.25g*24粒,件装量：400,
￥5.00,2.50,医用冷敷贴(消炎镇痛), 湖北惠真源药械有限公司,规格：7cm*10cm*3贴*2袋,件装量：300,
￥13.20,12.60,阿胶益寿口服液, 甘肃省金羚集团药业有限公司,规格：20ml*10支,件装量：30,
￥5.10,4.95,阿莫西林胶囊, 华北制药股份有限公司,规格：0.5g*20粒,件装量：600,
￥10.68,9.60,创灼膏, 四川同人泰药业股份有限公司,规格：20g,件装量：240,
￥10.70,10.50,夫西地酸乳膏（奥络）, 澳美制药厂,规格：5g,件装量：360,
￥21.00,19.80,养血清脑颗粒, 天士力医药集团股份有限公司原天士力制药集团股份有限公司,规格：4g*9袋,件装量：300,
￥30.50,30.00,盐酸曲美他嗪片(万爽力), 施维雅(天津)制药有限公司,规格：20mg*30片,件装量：120,
￥8.70,8.30,碳酸氢钠片, 上海玉瑞生物科技(安阳)药业有限公司,规格：0.5g*100片,件装量：360,
￥4.30,3.85,阿莫西林胶囊, 重庆迪康长江制药有限公司,规格：0.25g*50粒,件装量：400,
￥19.50,18.50,黄芪颗粒, 贵州汉方药业有限公司,规格：15g*10袋,件装量：100,
￥3.70,3.50,蒲地蓝消炎片, 哈尔滨市龙生北药生物工程股份有限公司,规格：0.6g*24片,件装量：400,
￥19.50,18.50,硝苯地平缓释片(II)(伲福达)(伲福达), 青岛黄海制药有限责任公司,规格：20mg*30片,件装量：600,
￥1.83,1.80,鲜竹沥, 四川省通园制药集团有限公司,规格：100ml,件装量：200,
￥5.80,5.60,复方锌布颗粒, 西安天一秦昆制药有限责任公司,规格：3g*12袋,件装量：300,
￥23.50,22.60,胞磷胆碱钠片, 华润双鹤利民药业(济南)有限公司,规格：0.1g*12片*2板,件装量：300,
￥1.80,1.75,盐酸左氧氟沙星滴眼液, 辰欣佛都药业(汶上)有限公司,规格：0.3%：5ml,件装量：600,
￥23.80,23.50,肺力咳合剂, 贵州健兴药业有限公司,规格：100ml,件装量：100,
￥26.80,26.10,多糖铁复合物胶囊(红源达), 上海医药集团青岛国风药业股份有限公司,规格：0.15g*10粒,件装量：200,
￥8.10,7.90,复方金银花颗粒, 广州花城药业有限公司,规格：10g*10袋,件装量：150,
￥22.23,22.20,胆舒胶囊, 四川济生堂药业有限公司,规格：0.45g*30粒,件装量：320,
￥31.50,30.90,多维元素片(21金维他), 杭州民生健康药业有限公司(原杭州赛诺菲民生健康药业有限公司),规格：60片,件装量：120,
￥5.20,5.05,复方羊角颗粒, 承德燕峰药业有限责任公司,规格：8g*10袋,件装量：120,
￥9.68,9.50,酚氨咖敏颗粒(克感敏), 神威药业集团有限公司,规格：5g*20小袋,件装量：100,
￥20.90,20.60,卤米松乳膏(澳能), 澳美制药厂,规格：10g,件装量：360,
￥10.50,10.33,谷维素片, 上海玉瑞生物科技(安阳)药业有限公司,规格：10mg*100片,件装量：900,
￥1.80,1.50,阿昔洛韦片, 山西皇城相府药业股份有限公司（原山西皇城相府药业有限公司）,规格：0.1g*24片,件装量：300,
￥3.50,3.40,清热解毒口服液, 四川泰华堂制药有限公司,规格：10ml*10支,件装量：120,
￥39.90,37.90,速效救心丸, 天津中新药业集团股份有限公司第六中药厂,规格：40mg*60丸*3瓶,件装量：200,
￥68.00,48.00,鑫福来蛋白粉, 惠州市鑫福来实业发展有限公司,规格：400g,件装量：12,
￥7.95,7.80,乳酸菌素片, 江中药业股份有限公司,规格：0.2g*12片*3板,件装量：300,
￥13.80,13.60,安神补脑液, 江苏聚荣制药集团有限公司,规格：10ml*12支,件装量：60,
￥20.00,19.60,四磨汤口服液, 湖南汉森制药股份有限公司,规格：10ml*8支,件装量：60,
￥17.00,15.80,阿仑膦酸钠片, 涿州东乐制药有限公司,规格：70mg*4片,件装量：200,
￥2.30,2.20,(基)元胡止痛片, 江西九连山药业有限公司,规格：0.25g*15片*2板,件装量：400,
￥3.95,3.85,尼美舒利分散片(山易亭), 南昌市飞弘药业有限公司,规格：100mg*10片,件装量：300,
￥4.50,4.40,妇炎康片, 湖南湘泉药业股份有限公司,规格：0.25g*100片,件装量：300,
￥74.50,73.80,多巴丝肼片(美多芭), 上海罗氏制药有限公司,规格：0.25g*40片,件装量：100,
￥10.20,9.99,吡诺克辛钠滴眼液(白内停滴眼液), 湖北远大天天明制药有限公司(原远大医药(中国)有限公司),规格：15ml:0.8mg,件装量：300,
￥21.30,20.80,复方血栓通胶囊, 广东众生药业股份有限公司,规格：0.5g*30粒,件装量：300,
￥1.10,1.03,乙酰螺旋霉素片, 重庆科瑞制药(集团)有限公司,规格：0.1g*12片/板/袋,件装量：1000,
￥3.27,3.15,健儿消食口服液, 四川泰华堂制药有限公司,规格：10ml*10支,件装量：120,
￥31.70,30.30,制霉素片, 浙江震元制药有限公司,规格：50万U*100片,件装量：200,
￥53.10,51.50,盐酸溴己新片(必嗽平), 地奥集团成都药业股份有限公司,规格：8mg*1000片,件装量：100,
￥4.40,4.20,布洛芬缓释胶囊, 云鹏医药集团有限公司(原山西云鹏制药有限公司),规格：0.3g*11粒*2板,件装量：400,
￥5.30,5.15,藿香清胃胶囊, 吉林省俊宏药业有限公司,规格：0.32g*15粒*2板,件装量：400,
￥20.50,19.90,酮康唑乳膏(金达克宁), 西安杨森制药有限公司,规格：2％*15g,件装量：420,
￥7.65,7.30,小儿氨酚黄那敏颗粒, 神威药业集团有限公司,规格：20包,件装量：120,
￥8.50,6.80,消炎镇痛膏, 安徽金马药业有限公司,规格：7cm*10cm*4片*3袋,件装量：240,
￥12.50,11.50,口腔炎喷雾剂, 黑龙江天龙药业有限公司,规格：20ml,件装量：300,
￥54.00,52.20,百令胶囊, 杭州中美华东制药有限公司,规格：0.5g*42粒,件装量：200,
￥56.00,54.00,除疤膏, 郑州密丽药业有限公司,规格：25g,件装量：100,
￥68.00,65.50,碧生源牌常润茶, 北京澳特舒尔保健品开发有限公司,规格：62.5g(2.5g*20袋加12.5g),件装量：60,
￥17.00,16.30,曲安奈德鼻喷雾剂(毕诺), 昆明源瑞制药有限公司,规格：180掀*9ml,件装量：200,
￥11.40,10.80,黄藤素软胶囊, 昆明华润圣火药业有限公司,规格：0.4g*12粒*2板,件装量：240,
￥30.00,27.50,定坤丹, 吉林市鹿王制药股份有限公司,规格：10.8g*1丸*6小盒,件装量：80,
￥22.30,21.30,L-谷氨酰胺呱仑酸钠颗粒," Kotobuki Pharmaceutical Co., Ltd.(寿制药株式会社))",规格：10克*15袋,件装量：400,
￥7.95,7.80,头孢克肟颗粒(达力芬), 国药集团致君(深圳)制药有限公司(原深圳致,规格：50mg*6袋,件装量：420,
￥9.70,9.50,克霉唑阴道片(利福先), 华润双鹤利民药业(济南)有限公司(原济南,规格：0.5g*1片*2板,件装量：160,
￥2.75,2.70,小儿麻甘颗粒, 云南楚雄云中制药有限责任公司,规格：2.5g*12袋,件装量：300,
￥132.50,126.80,奥美拉唑镁肠溶片(洛赛克), AstraZeneca AB(分包装厂：阿斯利康制药有限公司),规格：20mg*7片*2板,件装量：120,
￥14.60,14.30,排石颗粒, 江西南昌济生制药有限责任公司原江西南昌济生制药厂,规格：20g*12袋,件装量：60,
￥0.60,0.58,氨咖黄敏胶囊, 四川依科制药有限公司,规格：10粒*50板,件装量：5000,
￥5.20,5.10,舒筋活血片, 太极集团四川绵阳制药有限公司,规格：100片,件装量：100,
￥35.80,34.90,非诺贝特胶囊(力平之), RECIPHARMFONTAINE,规格：200mg*10粒,件装量：360,
￥29.40,28.50,左氧氟沙星滴眼液(可乐必妥), 参天制药株式会社{参天制药(中国)有限公司进口分包装],规格：5ml：24.4mg（0.5%）,件装量：300,
￥4.80,4.70,愈酚喷托异丙嗪颗粒(伤风止咳颗粒), 广西纯正堂制药有限公司,规格：5g*10袋,件装量：150,
￥2.50,2.42,复方鱼腥草片, 广西世彪药业有限公司,规格：100片,件装量：600,
￥49.00,47.50,多烯磷脂酰胆碱胶囊(易善复), 赛诺菲(北京)制药有限公司,规格：228mg*36粒,件装量：160,
￥9.00,7.50,丁酸氢化可的松乳膏, 湖南迪诺制药股份有限公司,规格：10g,件装量：300,
￥7.70,7.10,妥布霉素地塞米松滴眼液, 江西珍视明药业有限公司,规格：5ml:15mg:5mg,件装量：480,
￥3.10,3.00,重感灵片, 广东和平药业有限公司,规格：60片,件装量：360,
￥37.50,36.50,三七通舒胶囊, 成都华神科技集团股份有限公司制药厂(原成都泰合健康科技集团股份有限公司华神制药厂),规格：0.2g*18粒,件装量：160,
￥36.50,35.90,复方醋酸氟轻松酊(皮炎宁酊), 内蒙古大唐药业股份有限公司,规格：50ml,件装量：200,
￥2.90,2.81,人工牛黄甲硝唑胶囊(牙痛安), 吉林敖东药业集团延吉股份有限公司,规格：12粒*2板,件装量：400,
￥5.10,5.00,头孢呋辛酯胶囊(达力新), 国药集团致君(深圳)制药有限公司,规格：0.125g*12粒,件装量：480,
￥167.00,158.30,达比加群酯胶囊(泰毕全), Boehringer Ingelheim Pharma GmbH & Co.KG(包装厂家：上海勃林格殷格翰药业有限公司),规格：0.11g*10粒,件装量：96,
￥8.60,8.45,阿莫西林克拉维酸钾片(中诺艾琳), 石药集团中诺药业(石家庄)有限公司,规格：0.375g*12片,件装量：400,
￥4.00,2.80,医用冷敷（小儿止咳贴), 湖北冠安堂药业有限公司,规格：5cm*7cm*2贴*2袋,件装量：400,
￥40.00,38.50,骨化三醇软胶囊(盖三淳), 正大制药(青岛)有限公司(原青岛正大海尔制药有限公司),规格：0.25ug*10粒,件装量：200,
￥8.00,7.90,二丁颗粒, 四川古蔺肝苏药业有限公司,规格：4g*9袋,件装量：100,
￥51.20,49.50,炔雌醇环丙孕酮片(达英-35), 拜耳医药保健有限公司广州分公司,规格：21片,件装量：240,
￥24.50,23.90,乳果糖口服溶液, 四川健能制药有限公司,规格：100ml(60ml:40.02g),件装量：100,
￥14.50,13.80,止咳平喘糖浆, 四川省通园制药集团有限公司（原四川省通园制药有限公司）,规格：100ml,件装量：100,
￥5.25,4.68,复方氢氧化铝片(胃舒平片), 云鹏医药集团有限公司(原山西云鹏制药有限公司),规格：100片,件装量：400,
￥33.00,31.80,云南白药胶囊, 云南白药集团股份有限公司,规格：0.25g*32粒,件装量：200,
￥7.80,7.55,银黄含片, 成都地奥制药集团有限公司,规格：0.65g*24片,件装量：200,
￥16.00,15.20,雷贝拉唑钠肠溶胶囊, 丽珠集团丽珠制药厂,规格：10mg*7粒,件装量：150,
￥9.00,8.55,复方甘草酸苷片(帅能), 乐普药业股份有限公司,规格：30片,件装量：300,
￥5.90,5.80,复方感冒灵片, 广州白云山花城药业有限公司（原广州花城药业有限公司）,规格：100片,件装量：300,
￥20.80,20.20,和胃整肠丸, 李万山药厂(钓鱼商标)两合公司,规格：50粒,件装量：600,
￥5.80,5.50,泮托拉唑钠肠溶片, 山东罗欣药业集团股份有限公司,规格：40mg*7片,件装量：300,
￥12.80,12.50,消旋山莨菪碱片(654-2), 杭州民生药业有限公司,规格：5mg*100片,件装量：400,
￥48.50,47.80,维D钙咀嚼片(迪巧)," A&Z Pharmaceutical,Inc.(分包装厂：安士制药(中山)有限公司)",规格：60片,件装量：200,
￥15.00,14.60,醋酸泼尼松片, 山东鲁抗医药集团赛特有限责任公司,规格：5mg*1000片,件装量：100,
￥122.00,116.20,伊曲康唑胶囊(斯皮仁诺), 西安杨森制药有限公司,规格：0.1g*14粒,件装量：180,
￥5.80,5.70,九味羌活丸, 太极集团四川绵阳制药有限公司,规格：6g*8袋,件装量：150,
￥35.10,34.20,麝香舒活灵, 四川光大制药有限公司,规格：80ml,件装量：120,
￥4.80,4.66,盐酸西替利嗪片(比特力), 成都恒瑞制药有限公司,规格：10mg*6片*2板,件装量：400,
￥63.00,60.50,地高辛片, 上海上药信谊药厂有限公司,规格：0.25mg*100片,件装量：300,
￥8.35,7.90,银柴颗粒, 四川菲德力制药有限公司,规格：12g*20袋,件装量：60,
￥6.00,5.88,藿香清胃片, 吉林省俊宏药业有限公司,规格：12片*3板,件装量：400,
￥4.60,4.50,益母草颗粒, 四川依科制药有限公司,规格：15g*10袋,件装量：120,
￥20.50,19.50,来氟米特片, 河北万岁药业有限公司,规格：10mg*10片,件装量：120,
￥4.80,4.55,川贝枇杷糖浆, 四川天府康达药业集团府庆制药有限公司,规格：100ml,件装量：150,
￥2.50,2.35,伤湿止痛膏(微孔透气), 湖北威仕生物药业股份有限公司,规格：6.5cm*10cm*8片,件装量：400,
￥7.30,7.10,清开灵片, 哈尔滨圣泰生物制药有限公司,规格：0.5g*24片,件装量：320,
￥3.30,3.27,双氯芬酸钠缓释片(路林), 四川华新制药有限公司,规格：100mg*10片,件装量：240,
￥815.00,798.00,阿胶(铁盒), 东阿阿胶股份有限公司,规格：250g,件装量：32,
￥31.00,29.50,骨疏康胶囊(YF), 辽宁康辰药业有限公司,规格：0.32g*24粒,件装量：240,
￥22.80,22.50,孟鲁司特钠片, 四川大冢制药有限公司,规格：10mg*5片,件装量：300,
￥5.50,5.40,橘红痰咳颗粒, 广西葛洪堂药业有限公司,规格：10g*12袋,件装量：120,
￥91.00,85.90,艾普拉唑肠溶片(壹丽安), 丽珠集团丽珠制药厂,规格：5mg*6片,件装量：150,
￥5.90,5.80,多酶片, 四川依科制药有限公司(原四川蜀中制药有限,规格：100片,件装量：600,
￥22.20,20.80,冠心舒通胶囊, 陕西步长制药有限公司,规格：0.3g*18粒*2板,件装量：200,
￥4.95,4.65,消炎利胆片, 广东省罗浮山白鹤制药厂,规格：100片（糖衣）,件装量：400,
￥0.97,0.95,乙酰螺旋霉素片, 重庆迪康长江制药有限公司,规格：0.1g*12片/板*50板,件装量：3000,
￥15.80,15.20,盐酸乙胺丁醇片, 成都锦华药业有限责任公司,规格：0.25g*100片,件装量：200,
￥13.00,12.60,小儿七星茶颗粒, 广州王老吉药业股份有限公司,规格：7g*10袋,件装量：120,
￥30.50,30.10,麝香保心丸, 上海和黄药业有限公司,规格：22.5mg*42丸,件装量：450,
￥9.00,8.20,布洛芬混悬液, 武汉人福药业有限责任公司,规格：25ml*4瓶,件装量：90,
￥38.50,37.90,速效救心丸, 天津中新药业集团股份有限公司第六中药厂,规格：40mg*50粒*3瓶,件装量：200,
￥4.80,4.70,阿咖酚散(解热止痛散)(方..., 重庆申高生化制药股份有限公司,规格：100包,件装量：100,
￥335.00,298.00,阿胶, 北京同仁堂（唐山）营养保健品有限公司,规格：250克,件装量：40,
￥2.90,2.80,阿莫西林胶囊, 四川依科制药有限公司,规格：0.125g*50粒,件装量：400,
￥9.20,8.80,维生素C片, 四川依科制药有限公司,规格：0.1g*1000片,件装量：120,
￥0.75,0.74,开塞露, 上海运佳黄浦制药有限公司,规格：20ml,件装量：600,
￥5.90,5.80,夏桑菊颗粒(直立袋), 四川逢春制药有限公司,规格：10g*20袋,件装量：60,
￥230.00,218.00,阿胶, 河北东汝阿胶制药股份有限公司,规格：250g(铁盒),件装量：40,
￥92.50,91.50,排毒养颜胶囊, 云南盘龙云海药业有限公司,规格：0.4g*70粒,件装量：100,
￥4.90,4.30,复方岩白菜素片, 云南植物药业有限公司,规格：30片,件装量：1000,
￥47.50,42.10,松龄血脉康胶囊, 成都康弘制药有限公司委托四川济生堂药业有限公司,规格：0.5g*60粒,件装量：150,
￥5.40,5.20,妇炎康片(薄膜衣片), 云南白药集团股份有限公司,规格：0.26g*100片,件装量：200,
￥11.40,11.20,复方丹参片, 上海凯合荣图们药业有限公司,规格：0.32g*270片(薄膜衣),件装量：240,
￥35.90,35.10,玻璃酸钠滴眼液(爱丽), 参天制药(中国)有限公司,规格：5ml：15mg（0.3%）/支,件装量：300,
￥4.00,3.85,头孢氨苄甲氧苄啶胶囊, 丹东宏业制药有限公司,规格：75mg*10粒*5板,件装量：400,
￥305.00,278.00,鹿角胶, 湖北康源药业有限公司,规格：255g,件装量：40,
￥6.85,6.62,骨肽片, 安徽宏业药业有限公司,规格：40mg*24片,件装量：400,
￥69.50,64.20,戊酸雌二醇片/雌二醇环丙孕酮片复合包装, 拜耳医药保健有限公司广州分公司,规格：21片,件装量：200,
￥13.00,9.90,孟鲁司特钠咀嚼片, 上海安必生制药技术有限公司委托杭州民生滨江制药有限公司,规格：5mg*5片,件装量：300,
￥18.00,8.80,复方酮康唑发用洗剂, 广西厚德大健康产业股份有限公司,规格：50ml,件装量：100,
￥46.55,44.50,左氧氟沙星片(可乐必妥), 第一三共制药(北京)有限公司,规格：0.5g*4片,件装量：300,
￥5.80,5.67,明目蒺藜丸, 吉林省辉南长龙生化药业股份有限公司,规格：9g*6袋,件装量：200,
￥28.80,28.50,妥布霉素地塞米松眼膏(典必殊), ALCONCUSI S.A.,规格：3.5g,件装量：360,
￥200.00,178.00,阿胶, 湖北康源药业有限公司,规格：净含量255克（每盒装250g）(铁盒),件装量：40,
￥7.50,7.20,盐酸乙哌立松片(宜宇), 青岛国海生物制药有限公司(青岛格瑞药业),规格：50mg*20片,件装量：200,
￥10.50,10.20,非洛地平缓释片, 山西康宝生物制品股份有限公司,规格：5mg*10片,件装量：200,
￥22.00,21.30,强力定眩片, 陕西汉王药业股份有限公司(原陕西汉王药业有限公司),规格：0.35g*48片,件装量：180,
￥104.79,101.10,碳酸钙维D3元素片(4), 惠氏制药有限公司,规格：100片 薄膜衣,件装量：36,
￥9.00,8.60,糠甾醇片(牙周宁), 济宁市安康制药有限责任公司,规格：40mg*100片,件装量：360,
￥2.24,2.15,小儿氨酚黄那敏颗粒(小儿盖克), 四川依科制药有限公司,规格：6g*9袋,件装量：200,
￥5.60,5.40,感冒清片, 广东罗浮山国药股份有限公司,规格：0.22g*100片,件装量：400,
￥30.40,25.00,益气聪明丸, 陕西君碧莎制药有限公司,规格：4.5g*12瓶,件装量：100,
￥3.20,3.10,蒲地蓝消炎片, 武汉双龙药业有限公司,规格：0.31g*48片（薄膜衣）,件装量：300,
￥78.50,77.50,碳酸钙维D3元素片（4）(金钙尔奇D), 惠氏制药有限公司,规格：600mg*60片,件装量：60,
￥24.20,23.50,葡萄糖酸钙锌口服溶液, 湖北午时药业股份有限公司,规格：10ml*18支,件装量：80,
￥25.06,19.50,双氯芬酸二乙胺乳胶剂(ZD), GSKConsumerHealthcareS.A.,规格：20g：0.2g（1%）,件装量：50,
￥9.10,8.90,硫酸庆大霉素片, 江苏平光制药(焦作)有限公司,规格：40mg*100片,件装量：360,
￥5.50,5.39,甲钴胺片(怡神保), 华北制药股份有限公司,规格：0.5mg*10片*2板,件装量：400,
￥9.90,9.70,西咪替丁胶囊, 成都锦华药业有限责任公司,规格：0.2g*60粒,件装量：200,
￥5.65,5.55,甲硝唑芬布芬胶囊(牙周康), 重庆科瑞制药(集团)有限公司,规格：10粒*2板,件装量：500,
￥10.50,10.00,口腔炎喷雾剂, 黑龙江天龙药业有限公司,规格：15ml,件装量：320,
￥8.80,8.60,保济丸, 广州王老吉药业股份有限公司,规格：3.7g*20瓶,件装量：100,
￥17.50,16.80,硫糖铝口服混悬液(迪先), 广东华南药业集团有限公司,规格：120ml:24g/瓶,件装量：60,
￥207.50,203.50,熊去氧胆酸胶囊(优思弗), Losan Pharma GmbH(德国)(dr.Falk Fharma GmbH 分包装),规格：250mg*25粒,件装量：300,
￥54.80,52.50,盐酸替扎尼定片(凯莱通), 四川科瑞德制药股份有限公司,规格：2mg*24片,件装量：180,
￥33.00,32.60,胞磷胆碱钠片(欣可来), 四川梓橦宫药业股份有限公司,规格：0.2g*6片*2板,件装量：400,
￥4.00,3.82,龙胆泻肝丸, 山西万辉制药有限公司,规格：6g*10袋,件装量：200,
￥28.20,25.80,季德胜蛇药片, 精华制药集团股份有限公司,规格：0.4g*15片,件装量：200,
￥8.50,7.50,醒脑再造胶囊, 中美华医(河北)制药有限公司,规格：0.35g*10粒*3板,件装量：300,
￥16.50,16.10,氯霉素片, 重庆迪康长江制药有限公司,规格：0.25g*100片,件装量：200,
￥115.80,109.50,芬吗通(雌二醇片/雌二醇地屈孕酮片复合包装), AbbottBiologicalsB.V.,规格：1/10mg*28片,件装量：100,
￥12.50,11.50,枇杷止咳胶囊, 贵州神奇药业有限公司,规格：0.25g*24粒,件装量：120,
￥53.50,53.00,消痛贴膏, 西藏奇正藏药股份有限公司,规格：1.2g：2.5ml*5贴,件装量：72,
￥3.80,3.75,小儿七星茶颗粒, 广西圣民制药有限公司,规格：7g*10袋,件装量：200,
￥32.90,32.50,黄连上清丸, 四川琦云药业有限责任公司,规格：6g*50袋（水丸）,件装量：40,
￥16.30,15.80,氯霉素片, 远大医药(中国)有限公司,规格：0.25g*100片(薄膜衣),件装量：240,
￥6.50,6.35,藿香清胃胶囊, 吉林省俊宏药业有限公司,规格：0.32g*12粒*3板,件装量：400,
￥11.80,11.71,地奥心血康胶囊, 成都地奥制药集团有限公司,规格：100mg*10粒*2板,件装量：400,
￥7.20,7.10,吲达帕胺片(万伯安), 广东安诺药业股份有限公司,规格：2.5mg*28片,件装量：400,
￥24.50,23.80,熊去氧胆酸片, 四川迪菲特药业有限公司,规格：50mg*30片,件装量：600,
￥9.90,9.80,复方穿心莲片, 广西金页制药有限公司,规格：100片*10袋,件装量：60,
￥17.30,16.80,小儿清肺化痰颗粒, 神威药业集团有限公司,规格：6g*10袋,件装量：120,
￥63.50,61.60,肠内营养粉剂(TP)(安素), ABBOTTLABORATORIESB.V.,规格：400g,件装量：24,
￥4.60,4.50,特非那定片(敏迪), 江苏联环药业股份有限公司,规格：60mg*12片,件装量：600,
￥4.90,4.82,厄贝沙坦片, 成都盛迪医药有限公司,规格：0.15g*7片,件装量：200,
￥6.30,6.16,阿莫西林胶囊, 中山市力恩普制药有限公司,规格：0.5g*24粒,件装量：400,
￥5.98,5.20,硫酸沙丁胺醇雾化吸入溶液, 上海信谊金朱药业有限公司,规格：2.5ml:2.5mg*10支,件装量：1200,
￥46.50,44.50,碳酸氢钠片, 四川德元药业集团有限公司,规格：0.3g*1000片,件装量：60,
￥18.00,17.50,散寒解热口服液, 国药集团宜宾制药有限责任公司(原四川省宜宾五粮液集团宜宾制药厂),规格：10ml*6支,件装量：100,
￥8.00,7.20,叶酸片, 福州海王福药制药有限公司,规格：5mg*100片,件装量：600,
￥38.80,37.50,云南白药膏, 云南白药集团无锡药业有限公司委托云南白药集团股份有限公司,规格：6.5cm*10cm*10片,件装量：80,
￥36.50,35.50,依托考昔片(安康信), Frosst Iberica SA(分包装厂：杭州默沙东制药有限公司),规格：60mg*5片,件装量：300,
￥19.20,18.80,狮马龙活络油, 英吉利制药厂有限公司,规格：20ml,件装量：144,
￥28.50,28.10,雷贝拉唑钠肠溶片(安斯菲), 成都迪康药业股份有限公司(原成都迪康药业有限公司),规格：20mg*7片,件装量：200,
￥3.30,3.22,马来酸氯苯那敏片, 国药集团容生制药有限公司,规格：4mg*100片,件装量：600,
￥26.80,25.90,地高辛片, 上海上药信谊药厂有限公司,规格：0.25mg*30片,件装量：300,
￥23.50,22.80,兰索拉唑肠溶片(可意林), 扬子江药业集团四川海蓉药业有限公司,规格：15mg*14片,件装量：200,
￥18.70,18.30,坤泰胶囊, 贵阳新天药业股份有限公司,规格：0.5g*24粒,件装量：200,
￥10.00,9.50,硫酸庆大霉素片, 重庆迪康长江制药有限公司,规格：40mg*100片,件装量：200,
￥72.80,70.80,吡贝地尔缓释片(泰舒达), LES LABORATOIRES SERVIER INDUSTRIE      ,规格：50mg*30片,件装量：80,
￥43.80,42.50,格列齐特缓释片, 施维雅(天津)制药有限公司,规格：30mg*30片,件装量：120,
￥6.90,6.80,苍耳子鼻炎胶囊, 四川森科制药有限公司,规格：0.4g*24粒,件装量：400,
￥16.90,16.60,布洛芬混悬液(美林), 上海强生制药有限公司,规格：35ml(30ml:0.6g),件装量：216,
￥29.80,27.80,三七通舒胶囊, 成都华神科技集团股份有限公司制药厂(原成都泰合健康科技集团股份有限公司华神制药厂),规格：0.2g*12粒,件装量：200,
￥13.00,12.70,红霉素肠溶片, 宜昌人福药业有限责任公司,规格：0.125g*100片,件装量：200,
￥2.10,1.99,舒筋活血片(精), 三门峡广宇生物制药有限公司,规格：0.37g*100片,件装量：400,
￥11.00,9.20,苄达赖氨酸滴眼液, 河北医科大学制药厂,规格：10ml,件装量：200,
￥31.50,31.00,妇科千金片, 株洲千金药业股份有限公司,规格：18片*7板,件装量：100,
￥31.00,30.50,培哚普利叔丁胺片(雅施达), 施维雅(天津)制药有限公司,规格：4mg*10片,件装量：120,
￥66.00,65.00,复方聚维酮碘搽剂(亮甲), 乐泰药业有限公司,规格：3ml*2瓶,件装量：96,
￥23.00,22.80,硝酸咪康唑栓(达克宁栓), 西安杨森制药有限公司,规格：200mg*7枚,件装量：360,
￥33.50,32.50,白芍总苷胶囊(帕夫林), 宁波立华制药有限公司,规格：0.3g*36粒,件装量：200,
￥3.90,3.40,北豆根胶囊, 颈复康药业集团有限公司,规格：30mg*20粒,件装量：360,
￥15.30,14.90,右旋糖酐铁口服溶液, 康臣药业(内蒙古)有限责任公司,规格：5ml*25mg*5支,件装量：180,
￥7.50,7.00,水杨酸复合洗剂(康角丫), 乐泰药业有限公司(原哈尔滨快好药业有限公司),规格：15g*粉剂2包+6g*液剂2包,件装量：240,
￥41.50,40.80,多烯磷脂酰胆碱胶囊（易善复）(易善复), 赛诺菲(北京)制药有限公司,规格：228mg*24粒,件装量：240,
￥28.50,28.10,通宣理肺丸, 太极集团四川绵阳制药有限公司,规格：6g*50小袋,件装量：40,
￥16.40,16.10,瑞巴派特片(膜固思达), 浙江大冢制药有限公司,规格：0.1g*12片,件装量：200,
￥24.80,24.20,阿托伐他汀钙片(立普妥), 辉瑞制药有限公司,规格：10mg*7片,件装量：320,
￥2.61,2.20,复方龙胆碳酸氢钠片, 上海皇象铁力蓝天制药有限公司,规格：24片,件装量：400,
￥8.90,8.60,麦迪霉素片, 重庆科瑞制药(集团)有限公司,规格：0.1g*100片,件装量：240,
￥10.50,10.33,谷维素片, 济宁市安康制药有限责任公司,规格：10mg*100片,件装量：900,
￥35.00,33.50,痹祺胶囊, 天津达仁堂京万红药业有限公司,规格：0.3g*12粒*4板,件装量：200,
￥16.50,16.10,缬沙坦胶囊（托平）, 天大药业(珠海)有限公司,规格：80mg*14粒,件装量：200,
,6.00,逍遥丸, 河南省济源市济世药业有限公司,规格：240丸,件装量：300,
￥13.20,12.90,养阴清肺丸, 山西华康药业股份有限公司,规格：6.5g*6袋（水蜜丸）,件装量：200,
,18.00,肾上腺色腙片(安络雪), 江苏亚邦爱普森药业有限公司,规格：2.5mg*100片,件装量：600,
￥8.50,6.80,麝香壮骨膏, 安徽金马药业股份有限公司（原安徽金马药业有限公司）,规格：7cm*10cm*4片*3袋,件装量：240,
￥6.00,5.20,炉甘石洗剂, 广东南国药业有限公司,规格：100ml,件装量：120,
￥59.50,58.10,尿毒清颗粒(无糖型), 康臣药业(内蒙古)有限责任公司,规格：5g*15袋,件装量：120,
￥9.10,9.00,金银花颗粒, 四川森科制药有限公司原成都森科制药有限公司,规格：10g*20袋,件装量：60,
￥30.50,28.70,复方阿嗪米特肠溶片(泌特), 扬州一洋制药有限公司,规格：20片,件装量：200,
￥16.50,16.10,氯霉素片, 北大医药股份有限公司,规格：0.25g*100片,件装量：240,
￥19.50,18.80,硫酸氨基葡萄糖胶囊, 信东生技股份有限公司,规格：314mg250mg24粒,件装量：150,
￥13.45,12.30,复方蛤青胶囊, 陕西兴邦药业有限公司,规格：0.3g*18粒*2板,件装量：300,
￥202.00,195.00,沙美特罗替卡松吸入粉雾剂, Glaxo Wellcome Production,规格：50ug*250ug*60泡,件装量：50,
￥26.50,25.30,肺力咳胶囊, 贵州健兴药业有限公司,规格：0.3g*30粒,件装量：200,
￥29.30,28.40,荣昌肛泰, 烟台荣昌制药股份有限公司,规格：0.5g*4片,件装量：100,
￥45.00,42.80,盐酸溴己新片(必嗽平), 山西立业制药有限公司,规格：8mg*1000片,件装量：160,
￥6.55,6.50,酚氨咖敏片（克感敏片）, 四川森科制药有限公司,规格：100片,件装量：200,
￥0.96,0.94,乙酰螺旋霉素片, 天方药业有限公司,规格：0.1g*12片*30板,件装量：3000,
￥4.50,4.45,醋酸泼尼松片(强的松), 浙江仙琚制药股份有限公司,规格：5mg*100片,件装量：450,
￥19.90,19.50,氨苄西林胶囊（安必仙）, 珠海联邦制药股份有限公司中山分公司,规格：0.5g*24粒,件装量：300,
￥7.50,7.39,缬沙坦分散片, 桂林华信制药有限公司,规格：80mg*7片,件装量：400,
￥10.80,10.55,缩泉丸, 吉林龙鑫药业有限公司,规格：6g*9袋(水丸，每20粒重1g),件装量：200,
￥11.45,11.20,盐酸左氧氟沙星片, 山东鲁抗医药集团赛特有限责任公司,规格：0.5g*6片*2版,件装量：300,
￥28.25,27.20,金乌骨通胶囊, 贵州盛世龙方制药股份有限公司,规格：0.5g*60粒,件装量：120,
￥41.80,39.80,水飞蓟宾胶囊(水林佳), 天津天士力圣特制药有限公司,规格：35mg*30粒,件装量：200,
￥11.20,10.93,追风透骨丸, 广州白云山敬修堂药业股份有限公司,规格：36g,件装量：200,
￥5.70,2.50,异烟肼片, 宜昌人福药业有限责任公司,规格：100mg*100片,件装量：300,
￥12.50,11.50,健儿消食口服液, 葵花药业集团重庆小葵花儿童制药有限公司,规格：10ml*6支,件装量：100,
￥218.00,208.50,复方α-酮酸片(开同), 北京费森尤斯卡比医药有限公司,规格：0.63g*100片,件装量：72,
￥68.85,66.60,普瑞巴林胶囊, 重庆赛维药业有限公司,规格：75mg*10粒,件装量：160,
￥16.20,15.80,头孢丙烯分散片(银力舒), 广州白云山医药集团股份有限公司白云山制药总厂,规格：0.25g*8片,件装量：400,
￥59.50,58.80,碳酸钙D3片(钙尔奇D), 惠氏制药有限公司,规格：600mg*72片,件装量：60,
￥15.80,15.50,偏瘫复原丸, 北京同仁堂股份有限公司同仁堂制药厂,规格：9g*10丸（大蜜丸),件装量：60,
￥12.30,12.20,小儿肠胃康颗粒, 江西品信药业股份有限公司(原江西品信药业有限公司),规格：5g*12袋,件装量：200,
￥17.80,17.50,蛇胆川贝枇杷膏, 湖南新汇制药股份有限公司,规格：345g,件装量：24,
￥20.30,20.10,曲安奈德益康唑乳膏(派瑞松), 西安杨森制药有限公司,规格：15g,件装量：420,
￥7.90,7.70,维酶素片, 洛阳伊龙药业有限公司,规格：0.2g*100片,件装量：360,
￥7.05,6.90,天麻头痛片, 黑龙江乌苏里江制药有限公司哈尔滨分公司,规格：0.3g*48片,件装量：200,
,31.20,布洛芬混悬液(美林), 上海强生制药有限公司,规格：100ml:2g,件装量：100,
￥3.90,3.80,阿莫西林胶囊, 四川依科制药有限公司,规格：0.25g*10粒*5板,件装量：400,
￥8.00,7.90,消炎利胆片(糖衣片), 广东万年青制药股份有限公司,规格：100片,件装量：300,
￥9.00,7.80,奥硝唑分散片(固特), 湖南九典制药股份有限公司,规格：0.25g*24片,件装量：400,
￥6.20,5.70,三宝胶囊, 中美华医(河北)制药有限公司,规格：0.3g*10粒*2板,件装量：360,
￥10.80,10.55,硝苯地平缓释片(Ⅰ), 地奥集团成都药业股份有限公司,规格：10mg*30片,件装量：320,
￥33.00,31.90,妇科再造丸, 贵阳德昌祥药业有限公司,规格：40丸*3板,件装量：200,
￥4.50,4.45,阿奇霉素分散片(至美欣), 南京易亨制药有限公司,规格：0.25g*12片,件装量：400,
￥27.85,27.50,硫酸羟氯喹片(纷乐), 上海上药中西制药有限公司,规格：0.1g*14片,件装量：200,
￥14.00,13.70,金钱草颗粒, 重庆和平制药有限公司,规格：10g*18袋,件装量：60,
￥7.20,7.10,肤痒颗粒, 四川升和药业股份有限公司,规格：9g*10袋,件装量：160,
￥4.30,4.25,甲正王, 柳州市中兴日用化工厂,规格：12ml,件装量：400,
￥10.30,8.80,缬沙坦分散片, 山东益健药业有限公司,规格：80mg*7片*2板,件装量：400,
￥17.80,16.90,双黄连口服液, 河南福森药业有限公司,规格：20ml*10支,件装量：36,
￥14.90,14.70,金嗓开音丸, 西安碑林药业股份有限公司,规格：360丸,件装量：100,
￥26.00,25.10,多潘立酮片, 西安杨森制药有限公司,规格：10mg*42片,件装量：360,
￥5.60,5.20,阿奇霉素颗粒, 湖南千金湘江药业股份有限公司,规格：0.1g*6袋,件装量：200,
￥5.60,5.20,桑菊感冒颗粒, 四川同人泰药业股份有限公司,规格：11g*10袋,件装量：120,
￥29.75,27.90,枸橼酸铋钾胶囊(丽珠得乐), 丽珠集团丽珠制药厂,规格：0.3g*40粒,件装量：160,
￥82.00,79.80,驴胶补血颗粒, 湖南时代阳光药业股份有限公司,规格：20g*30袋,件装量：12,
￥8.50,8.20,洛索洛芬钠片(洛列通), 重庆科瑞制药(集团)有限公司,规格：60mg*24片,件装量：200,
￥8.80,8.60,胶体果胶铋胶囊, 湖南华纳大药厂股份有限公司,规格：100mg*36粒,件装量：160,
￥28.54,28.35,养血清脑颗粒, 天士力医药集团股份有限公司,规格：4g*15袋,件装量：300,
￥4.70,4.60,骨折挫伤胶囊, 哈尔滨中药六厂有限公司,规格：0.29g*30粒,件装量：300,
￥50.90,49.10,贝诺酯片(扑炎痛片), 地奥集团成都药业股份有限公司,规格：0.5g*500片,件装量：30,
￥13.00,9.90,双唑泰阴道泡腾片, 湖南迪诺制药股份有限公司,规格：7片,件装量：300,
￥8.50,8.25,去痛片, 赤峰赛林泰药业有限公司,规格：100片,件装量：360,
￥10.35,9.60,二甲双胍格列本脲片(Ⅱ)(君复乐), 亚宝药业四川制药有限公司,规格：2.5mg*60片,件装量：240,
￥4.60,4.50,马来酸依那普利片, 华润双鹤利民药业(济南)有限公司(原济南利民制药有限责任公司),规格：10mg*16片/板*1板,件装量：300,
￥105.80,102.00,硫酸特布他林雾化吸入用溶液, AstraZeneca AB,规格：2ml:5mg*20支,件装量：16,
￥17.75,17.50,吲达帕胺片(寿比山)(糖衣), 天津力生制药股份有限公司,规格：2.5mg*10粒*3板,件装量：300,
￥112.00,108.00,生命一号（礼品装）, 广东十八宝医药保健品有限公司出品广东生命一号药业股份有限公司,规格：0.218g*168粒/瓶+口服液42支*10ml,件装量：10,
￥26.85,26.30,复方谷氨酰胺肠溶胶囊(谷参肠安), 地奥集团成都药业股份有限公司,规格：24粒,件装量：300,
￥6.50,6.35,阿莫西林克拉维酸钾分散片(阿漠平), 浙江亚太药业股份有限公司,规格：156.25mg*6片*2板,件装量：400,
￥6.50,6.00,藿香正气丸(浓缩丸), 河南省济源市济世药业有限公司,规格：240丸,件装量：300,
￥3.90,3.60,龙胆泻肝片, 四川省三星堆制药有限公司,规格：100片,件装量：300,
￥7.65,7.50,复方黄连素片, 太极集团四川绵阳制药有限公司,规格：30mg*100片,件装量：300,
￥25.90,24.50,复方斑蝥胶囊, 陕西方舟制药有限公司,规格：0.25g*60粒,件装量：200,
￥19.40,17.80,非那雄胺片, 湖南千金湘江药业股份有限公司,规格：5mg*20片,件装量：200,
￥30.00,29.20,胃复春片, 杭州胡庆余堂药业有限公司,规格：0.36g*80片,件装量：120,
￥31.00,30.50,仙灵骨葆胶囊, 国药集团同济堂(贵州)制药有限公司,规格：0.5g*50粒,件装量：180,
￥25.29,21.70,布洛芬缓释胶囊(芬必得), 中美天津史克制药有限公司,规格：0.4g*24粒,件装量：160,
￥23.00,22.60,氨溴特罗口服溶液(易坦静), 北京韩美药品有限公司,规格：60ml,件装量：100,
￥7.00,6.80,罗红霉素分散片, 哈药集团制药六厂,规格：75mg*12片,件装量：400,
￥6.80,6.60,玄麦甘桔颗粒, 四川金药师制药有限公司,规格：10g*20包,件装量：60,
￥10.30,10.20,排石颗粒, 广东沙溪制药有限公司,规格：20g*10袋,件装量：100,
￥56.00,54.90,玻璃酸钠滴眼液, URSAPHARM Arzneimittel GmbH,规格：0.1％*10ml,件装量：280,
￥21.00,20.50,祖师麻片, 秦皇岛市山海关药业有限责任公司,规格：0.3g*18片*2板,件装量：300,
￥10.20,9.90,腹痛水, 山东颐和制药有限公司,规格：10ml*3支,件装量：300,
￥3.35,3.30,清热散结片, 广东省惠州市中药厂有限公司,规格：12片*3板,件装量：400,
￥4.10,3.98,新生化颗粒, 山西澳迩药业有限公司,规格：6g*12袋,件装量：120,
￥4.10,3.95,愈伤灵胶囊, 杨凌生物医药科技股份有限公司,规格：0.3g*10粒*3板,件装量：300,
￥12.60,12.40,丁酸氢化可的松乳膏(尤卓尔), 天津金耀药业有限公司,规格：10g,件装量：200,
￥7.50,7.35,二甲硅油片(消胀片), 四川同人泰药业股份有限公司,规格：25mg*100片,件装量：400,
￥2.75,2.65,鲜竹沥, 四川省通园制药集团有限公司,规格：15ml*6支,件装量：150,
￥24.90,24.50,醒脾养儿颗粒, 贵州健兴药业有限公司,规格：2g*12袋,件装量：240,
￥37.00,36.30,甲氨蝶呤片, 上海上药信谊药厂有限公司,规格：2.5mg*16片,件装量：300,
￥28.00,27.20,强力定眩片, 陕西汉王药业股份有限公司(原陕西汉王药业有限公司),规格：0.35g*60片,件装量：200,
￥9.20,8.80,头孢地尼分散片(兴易比可), 天津华津制药有限公司,规格：100mg*6片,件装量：400,
￥8.60,8.50,脑络通胶囊, 广东一力罗定制药有限公司,规格：0.5g*30粒,件装量：300,
￥165.00,145.90,华蟾素胶囊, 陕西东泰制药有限公司,规格：0.25g*18粒,件装量：300,
￥5.20,5.14,麻仁润肠丸, 山西华康药业股份有限公司,规格：6g*10丸,件装量：120,
￥4.65,4.60,香砂养胃丸, 芜湖张恒春药业有限公司,规格：3g/8丸*200丸,件装量：200,
￥13.10,12.80,六合维生素丸, 大连水产药业有限公司,规格：100粒,件装量：360,
￥5.20,5.15,金银花露(玻瓶含糖型), 湖北午时药业股份有限公司,规格：340ml,件装量：24,
￥7.80,7.65,克拉霉素缓释片(江波), 莱阳市江波制药有限责任公司,规格：0.5g*4片,件装量：400,
￥45.00,43.90,硫酸羟氯喹片(赛能), Sanofi-AventisSA,规格：0.2g*10片,件装量：216,
￥1.85,1.82,葡萄糖注射液, 河南科伦药业有限公司,规格：20ml:10g*5支(玻璃瓶),件装量：80,
￥83.00,81.50,伤湿止痛膏, 河南羚锐制药股份有限公司,规格：7cm*10cm*10贴*25袋,件装量：20,
￥12.82,9.50,盐酸莫西沙星片, 四川国为制药有限公司,规格：0.4g*3片,件装量：300,
￥36.20,36.00,复方利血平氨苯蝶啶片(北京降压O号)(北京降压O号), 华润双鹤药业股份有限公司(原北京双鹤药业有限公司),规格：37.6mg*30片,件装量：200,
￥13.92,13.80,口炎颗粒, 四川光大制药有限公司,规格：3g*10袋,件装量：120,
￥9.50,9.30,复方穿心莲片, 广西圣特药业有限公司,规格：100片*10袋,件装量：80,
￥3.50,3.45,藿香正气合剂（玻璃瓶）, 江西民济药业有限公司,规格：10ml*5支,件装量：150,
￥3.70,3.50,防芷鼻炎片, 广西天天乐药业股份有限公司,规格：15片*2板,件装量：480,
￥9.65,9.45,参梅养胃颗粒, 吉林省康福药业有限公司,规格：16g*9袋,件装量：120,
￥33.50,32.90,乳果糖口服溶液(杜密克), AbbottBiologicalsB.V.,规格：15ml*6袋,件装量：45,
￥8.80,8.70,(基)活血止痛胶囊, 江西百神昌诺药业有限公司,规格：0.5g*10粒*3板,件装量：360,
￥14.00,13.70,复方锌布颗粒剂(臣功再欣), 南京臣功制药股份有限公司,规格：0.1g：0.15g：2mg*12包,件装量：200,
￥9.60,8.80,甘草锌胶囊, 湖南千金湘江药业股份有限公司,规格：0.25g*24粒,件装量：300,
￥18.60,18.30,卡马西平片, 上海复旦复华药业有限公司,规格：0.1g*100片,件装量：360,
￥3.50,3.47,盐酸西替利嗪片(比特力), 成都恒瑞制药有限公司,规格：10mg*8片,件装量：400,
￥3.00,2.95,克拉霉素片, 浙江京新药业股份有限公司,规格：0.25g*6片,件装量：1000,
￥4.42,4.40,黄连上清丸, 太极集团四川绵阳制药有限公司,规格：6g*8袋,件装量：150,
￥25.20,25.10,血滞通胶囊, 吉林省东方制药有限公司,规格：0.45g*30粒,件装量：240,
￥13.70,13.50,复方氨酚那敏颗粒, 四川天德制药有限公司,规格：100小袋,件装量：30,
￥2.50,2.45,阿莫西林分散片(阿林新), 石药集团中诺药业(石家庄)有限公司,规格：0.25g*12片,件装量：400,
￥30.10,29.50,康妇炎胶囊, 山东步长神州制药有限公司,规格：0.4g*24粒*2板,件装量：200,
,18.80,二十五味肺病丸, 甘南佛阁藏药有限公司,规格：0.5g*18丸,件装量：200,
￥8.70,8.60,益母草颗粒, 北京同仁堂天然药物(唐山)有限公司,规格：15g*8袋,件装量：100,
￥19.00,17.50,雷贝拉唑钠肠溶片, 山东新华制药股份有限公司委托新华制药（高密）有限公司,规格：10mg*6片*2板,件装量：300,
￥114.50,110.00,他克莫司软膏(普特彼), 安斯泰来制药(中国)有限公司,规格：0.03%(10g:3mg),件装量：200,
￥5.40,5.35,复方石韦胶囊, 贵阳济仁堂药业有限公司,规格：0.35g*12粒*3板,件装量：300,
￥9.10,8.99,六味地黄胶囊, 白城市亿正药业有限公司,规格：0.3g*10粒*6板,件装量：120,
￥45.00,44.30,来氟米特片(薄膜衣片)(妥抒), 福建汇天生物药业有限公司,规格：10mg*20片,件装量：200,
￥17.45,15.90,头孢地尼分散片(希福尼), 天津市中央药业有限公司,规格：100mg*6片,件装量：600,
￥40.50,39.90,三黄片, 广西金页制药有限公司,规格：50片*30袋,件装量：30,
￥10.40,10.20,口腔炎喷雾剂, 江西珍视明药业有限公司,规格：10ml,件装量：240,
￥23.20,22.90,肾炎康复片, 天津同仁堂集团股份有限公司,规格：0.48g*45片,件装量：100,
￥33.00,32.50,阿卡波糖胶囊, 四川绿叶制药股份有限公司,规格：50mg*60粒,件装量：200,
￥22.50,21.60,乙酰半胱氨酸颗粒(富露施), 海南赞邦制药有限公司,规格：0.1g*20袋,件装量：100,
￥5.90,5.80,鼻炎宁颗粒, 广西河丰药业有限责任公司,规格：15g*10袋,件装量：80,
￥17.65,16.80,消炎利胆片, 广州白云山和记黄埔中药有限公司,规格：200片,件装量：200,
￥6.10,6.00,肤痒颗粒, 甘肃中天金丹药业有限公司,规格：9g*10袋,件装量：160,
￥10.50,3.50,复方百部止咳颗粒, 四川省通园制药集团有限公司(原四川省通园制药有限公司),规格：10g*10袋,件装量：120,
￥38.00,37.30,和血明目片, 西安碑林药业股份有限公司,规格：0.3g*60片,件装量：100,
￥12.80,12.50,头孢地尼胶囊(双铝), 浙江巨泰药业有限公司,规格：0.1g*6粒*2板,件装量：300,
￥29.30,29.00,保妇康栓, 海南碧凯药业有限公司,规格：1.74g*8粒,件装量：200,
￥14.80,14.70,盐酸二甲双胍缓释片(倍顺), 成都恒瑞制药有限公司,规格：0.5g*10片*3板,件装量：200,
￥14.50,14.30,小儿热速清颗粒, 哈尔滨圣泰生物制药有限公司,规格：2g*18袋,件装量：160,
￥5.10,4.95,头孢呋辛酯片(达力新), 国药集团致君(深圳)制药有限公司,规格：0.125g*12片,件装量：480,
￥55.80,54.00,吸入用复方异丙托溴铵溶液(可必特), LaboratoireUnither,规格：2.5ml/支*10支,件装量：84,
￥26.40,26.20,乳果糖口服溶液(利动), 北京韩美药品有限公司,规格：60ml（1ml：667mg）,件装量：100,
￥180.50,169.00,盐酸普拉克索片(森福罗), 上海勃林格殷格翰药业有限公司,规格：0.25mg*30片,件装量：144,
￥6.60,5.90,盆炎清栓, 黑龙江天辰药业有限公司,规格：10粒（100mg：25mg),件装量：200,
￥3.00,2.90,克拉霉素片, 浙江震元制药有限公司,规格：250mg*6片,件装量：600,
￥240.00,88.00,首荟通便胶囊, 鲁南厚普制药有限公司,规格：0.35g*12粒,件装量：100,
￥197.50,193.60,左乙拉西坦片, UCB Pharma S.A.(分包装厂：优时比(珠海)制药有限公司）,规格：0.5g*30片,件装量：160,
￥17.20,16.90,红霉素肠溶片, 西安利君制药有限责任公司,规格：0.125g*100片,件装量：480,
￥11.60,11.50,螺内酯片(安体舒通), 杭州民生药业有限公司,规格：20mg*100片,件装量：200,
￥12.70,12.50,阿莫西林克拉维酸钾干混悬剂(灵胜再林), 海南先声药业有限公司,规格：156.25mg*12袋,件装量：200,
￥16.30,13.80,热淋清颗粒, 贵州威门药业股份有限公司,规格：8g*6袋,件装量：200,
￥28.10,27.90,龙胆泻肝丸, 太极集团四川绵阳制药有限公司,规格：6g*50包(水丸）,件装量：40,
￥18.00,15.80,泻白糖浆, 天津中新药业集团股份有限公司隆顺榕制药厂,规格：10ml*6瓶,件装量：80,
￥18.00,17.80,快胃片, 上海医药集团青岛国风药业股份有限公司,规格：0.35g*90片,件装量：240,
￥4.60,4.55,酚氨咖敏片(扑感敏片), 重庆迪康长江制药有限公司,规格：12片*5板,件装量：300,
￥49.80,47.30,阿奇霉素片(希舒美), 辉瑞制药有限公司,规格：0.25g*6片,件装量：160,
￥5.40,5.35,明目上清片, 吉林玉仁制药股份有限公司,规格：12片*4板,件装量：240,
,13.50,头孢丙烯颗粒, 海南先声药业有限公司,规格：0.125g*9袋,件装量：300,
￥2.00,1.80,创口贴(防水透气型), 金华市景迪医疗用品有限公司,规格：72mm*19mm*20片,件装量：200,
￥10.00,9.90,穿心莲内酯滴丸, 天士力医药集团股份有限公司,规格：0.15g*6袋,件装量：300,
￥11.80,10.80,伊曲康唑分散片, 哈尔滨三联药业股份有限公司,规格：0.1g*7片,件装量：200,
￥199.80,196.70,恩替卡韦分散片（润众）, 正大天晴药业集团股份有限公司,规格：0.5mg*28片,件装量：120,
￥26.50,25.80,振源胶囊, 吉林省集安益盛药业股份有限公司,规格：0.25g*8粒*3板,件装量：200,
￥380.00,358.00,龟甲胶, 湖北康源药业有限公司,规格：255g（铁盒）,件装量：40,
￥1.90,0.80,维生素B1片, 上海金不换兰考制药有限公司,规格：5mg*100片,件装量：600,
￥254.00,251.00,香丹清牌珂妍胶囊, 西安杨健药业有限公司委托年青保药业有限公司,规格：0.4g*120粒,件装量：30,
￥11.50,11.35,清脑复神液, 广州白云山花城药业有限公司（原广州花城药业有限公司）,规格：10ml*6支,件装量：120,
￥183.00,178.00,米诺地尔酊(蔓迪), 浙江万晟药业有限公司,规格：90ml（5%）,件装量：50,
￥38.00,36.80,金天格胶囊, 金花企业(集团)股份有限公司西安金花制药厂,规格：0.4g*24粒,件装量：200,
￥97.00,92.00,羌活, 四川同创康能药业有限公司,规格：片 0.5kg,件装量：40,
￥4.50,4.45,新复方大青叶片, 山东岳草堂药业有限公司,规格：24片,件装量：400,
￥6.90,6.80,痹痛宁胶囊, 贵州恒霸药业有限责任公司,规格：0.2g*24粒,件装量：300,
￥7.35,7.30,心达康片, 四川美大康药业股份有限公司,规格：5mg*50片,件装量：240,
￥5.90,5.75,养血生发胶囊, 国药集团德众(佛山)药业有限公司,规格：0.5g*30粒,件装量：200,
￥4.30,4.10,消炎利胆片（薄膜衣）, 广东恒诚制药股份有限公司,规格：0.26g*100片,件装量：300,
￥22.50,21.98,复方硫酸软骨素片, 江苏苏中药业集团股份有限公司,规格：100片,件装量：200,
￥2.90,2.50,辛伐他汀片, 上海迪冉郸城制药有限公司                ,规格：10mg*10片,件装量：360,
￥16.35,15.60,金钱草颗粒, 重庆和平制药有限公司,规格：10g*21袋,件装量：60,
￥5.20,5.15,一清软胶囊, 江西欧氏药业有限责任公司,规格：0.5g*12粒*2板,件装量：300,
￥12.50,12.10,交沙霉素片, 桂林南药股份有限公司,规格：0.2g*12片,件装量：480,
￥14.00,13.80,瑞舒伐他汀钙片(京诺), 浙江京新药业股份有限公司,规格：10mg*6片*1板,件装量：400,
￥12.90,11.50,抗感颗粒, 四川同人泰药业股份有限公司,规格：10g*12袋,件装量：120,
￥5.88,5.35,心舒乐片, 吉林双药药业集团有限公司,规格：0.3g*12片*3板,件装量：300,
￥41.60,40.80,小儿碳酸钙D3颗粒," A&Z Pharmaceutical,Inc.(分包装厂：安士制药(中山)有限公司)",规格：10袋,件装量：200,
￥14.00,13.50,碳酸钙片, 珠海同源药业有限公司,规格：0.3g*130片,件装量：120,
￥3.00,2.92,头孢克肟片, 成都倍特药业股份有限公司(原成都倍特药业有限公司),规格：0.1g*6片,件装量：400,
￥6.49,5.80,头孢丙烯胶囊, 齐鲁制药有限公司,规格：0.25g*6粒,件装量：400,
￥7.20,7.10,双氯芬酸钠缓释片(路林), 四川华新制药有限公司,规格：0.1g*24片,件装量：240,
￥50.10,48.90,骨化三醇胶丸(罗盖全), 上海罗氏制药有限公司,规格：0.25ug*10丸,件装量：200,
￥18.80,18.50,格列吡嗪片(迪沙片), 迪沙药业集团有限公司,规格：2.5mg*20片*4板,件装量：300,
￥53.00,52.10,定坤丹, 山西广誉远国药有限公司,规格：6g*6丸大蜜丸,件装量：80,
￥19.50,17.80,阿托伐他汀钙片（SC）, 北京嘉林药业股份有限公司,规格：20mg*7片,件装量：240,
￥2.70,2.50,复方鱼腥草片, 江西桔王药业有限公司,规格：0.32g*100片,件装量：400,
￥12.15,11.80,格列吡嗪控释片(智唐), 淄博万杰制药有限公司,规格：5mg*12片,件装量：200,
￥3.90,3.85,头孢克肟干混悬剂, 广东彼迪药业有限公司,规格：50mg*6袋,件装量：320,
￥38.50,38.10,盐酸吗啉胍片(病毒灵), 北京中新药业股份有限公司,规格：0.1g*1000片,件装量：120,
￥5.90,5.86,蒙脱石散, 杭州康恩贝制药有限公司,规格：3g*12袋,件装量：200,
￥6.10,4.55,麝香壮骨膏, 沈阳管城制药有限责任公司,规格：7cm*10cm*8贴,件装量：300,
￥78.65,75.50,盐酸舍曲林片(左洛复), 辉瑞制药有限公司,规格：50mg*14片,件装量：300,
￥22.80,22.50,利可君片, 江苏吉贝尔药业股份有限公司,规格：10mg*48片,件装量：200,
,14.70,金嗓利咽丸, 西安碑林药业股份有限公司,规格：360丸,件装量：100,
￥13.30,13.10,复方氨酚那敏颗粒(速效感冒颗粒), 四川峨眉山药业有限公司(原成都蓉药集),规格：100包,件装量：30,
￥40.50,35.50,心宝丸, 广东太安堂药业股份有限公司              ,规格：60mg*100丸,件装量：240,
￥24.00,23.80,稳心颗粒(cd), 山东步长制药股份有限公司,规格：9g*9袋,件装量：100,
￥11.90,11.86,丁细牙痛胶囊, 深圳市泰康制药有限公司,规格：0.45g*12粒,件装量：500,
￥4.00,3.95,替硝唑片, 山东鲁抗医药集团赛特有限责任公司,规格：0.5g*8片,件装量：400,
￥34.90,34.80,一枝蒿伤湿祛痛膏, 贵阳卫生材料厂,规格：5cm*6.5cm*4片*30袋,件装量：50,
￥85.00,83.50,琥珀酸索利那新片(卫喜康), Astellas Pharma Europe B.V.(分包装厂：安斯泰来制药(中国)有限公司),规格：5mg*10片,件装量：200,
￥21.00,20.00,门冬氨酸氨氯地平片, 浙江尖峰药业有限公司,规格：5mg*14片,件装量：200,
￥15.60,15.50,鼻渊舒口服液, 成都华神科技集团股份有限公司制药厂（原成都泰合健康科技集团股份有限公司华神制药厂）,规格：10ml*6支(无糖型),件装量：100,
￥12.00,11.20,枸橼酸钙片, 万邦德制药集团有限公司（原万邦德制药集团股份有限公司）,规格：0.5g*80片,件装量：180,
￥4.20,4.05,藿香清胃片, 广州花城药业有限公司(原广州市花城制药厂),规格：0.28g*24片,件装量：400,
￥34.50,33.50,对乙酰氨基酚片, 成都天台山制药有限公司,规格：0.5g*1000片,件装量：20,
￥34.45,18.50,美沙拉秦肠溶片, 哈尔滨市泽尼康药业有限公司(原黑龙江天宏药业股份有限公司),规格：0.25g*24片(铝塑包装),件装量：200,
￥5.20,5.15,头孢克肟胶囊(恒达菲), 浙江昂利康制药股份有限公司,规格：0.1g*12粒,件装量：300,
￥9.80,9.50,盐酸舍曲林片, 广东逸舒制药股份有限公司,规格：50mg*14片,件装量：300,
￥51.90,50.50,利培酮片(维思通), 西安杨森制药有限公司,规格：1mg*20片,件装量：360,
￥19.30,10.50,盐酸金刚乙胺糖浆, 沈阳东星医药科技有限公司,规格：100ml,件装量：100,
￥4.10,3.90,龙血竭胶囊, 西双版纳雨林制药有限责任公司,规格：0.3g*18粒,件装量：360,
￥3.30,3.20,藿香正气合剂（玻璃瓶）, 恩威(江西)制药有限公司,规格：10ml*5支,件装量：120,
￥164.00,160.50,奥卡西平片(曲莱)," NovartisFarmaS.p,A Italy北京诺华制药有限公司分包装",规格：0.3g*50片,件装量：70,
￥6.10,6.00,盐酸西替利嗪片(比特力), 成都恒瑞制药有限公司,规格：10mg*16片,件装量：200,
￥11.00,10.80,盐酸洛哌丁胺胶囊(易蒙停), 西安杨森制药有限公司,规格：2mg*12粒,件装量：180,
,28.50,黄芪片, 四川奇力制药有限公司,规格：0.41g*48片,件装量：300,
￥6.50,6.45,格列齐特片（Ⅱ）, 山东鲁抗医药集团赛特有限责任公司,规格：80mg*60片,件装量：400,
￥46.00,45.60,前列舒通胶囊, 保定天浩制药有限公司,规格：0.4g*18粒*2板,件装量：200,
￥44.00,42.90,扶正化瘀胶囊, 上海黄海制药有限责任公司,规格：0.3g*60粒,件装量：100,
￥17.10,16.99,肛泰栓, 烟台荣昌制药股份有限公司,规格：1g*6粒,件装量：240,
￥2.90,2.60,小儿酚氨咖敏颗粒, 郑州致和药业有限公司,规格：10袋,件装量：200,
￥121.00,116.00,卵磷脂络合碘片(沃丽汀), 第一药品产业株式会社盐滨工厂,规格：1.5mg*60片,件装量：180,
￥13.60,13.20,复方硫酸亚铁颗粒, 河南福森药业有限公司,规格：50mg*5s,件装量：120,
￥4.40,3.80,复合维生素B片, 广东南国药业有限公司,规格：100片,件装量：800,
￥72.64,72.10,多维元素片(29-II)（曾用名：善存银片）, 惠氏制药有限公司,规格：60片,件装量：48,
￥8.30,8.18,胸腺肽肠溶片, 黑龙江迪龙制药有限公司,规格：20mg*10片,件装量：200,
￥10.35,10.10,藿香正气软胶囊, 神威药业集团有限公司,规格：0.45g*16粒,件装量：200,
￥6.05,5.90,盐酸林可霉素胶囊, 成都锦华药业有限责任公司,规格：0.25g*30粒,件装量：180,
￥35.30,34.80,替米沙坦片(美卡素), 上海勃林格殷格翰药业有限公司,规格：80mg*7片,件装量：200,
￥6.00,5.95,盐酸雷尼替丁胶囊, 云鹏医药集团有限公司,规格：0.15g*30粒,件装量：400,
￥34.00,32.80,长春胺缓释胶囊, 烟台鲁银药业有限公司,规格：30mg*10粒,件装量：300,
￥4.80,4.78,盐酸萘甲唑啉滴鼻液, 国药集团三益药业(芜湖)有限公司,规格：8ml(0.1%),件装量：400,
￥11.00,10.90,枇杷止咳颗粒, 贵州神奇药业有限公司,规格：3g*9袋,件装量：200,
￥19.00,17.80,荆花胃康胶丸, 天士力医药集团股份有限公司,规格：80mg*12丸,件装量：300,
￥58.50,57.20,利格列汀片(欧唐宁), West-Ward Columbus Inc.(分包装厂家：上海勃林格殷格翰药业有限公司),规格：5mg*7片,件装量：200,
￥32.60,32.30,妇科千金胶囊, 株洲千金药业股份有限公司,规格：0.4g*36粒,件装量：120,
￥20.00,19.50,水飞蓟宾葡甲胺片, 湖南千金协力药业有限公司,规格：50mg*36片,件装量：300,
￥23.50,23.30,地奥心血康软胶囊, 成都地奥制药集团有限公司,规格：0.35g*30粒,件装量：200,
￥4.55,4.50,骨筋丸胶囊, 哈尔滨同一堂药业有限公司,规格：0.3g*12粒*2板,件装量：300,
￥29.10,28.90,醋酸泼尼松片(强的松), 浙江仙琚制药股份有限公司,规格：5mg*1000片,件装量：80,
￥11.00,10.88,萘普生片, 成都锦华药业有限责任公司,规格：0.1g*100片,件装量：180,
￥33.20,33.00,罗格列酮片(爱能), 成都恒瑞制药有限公司,规格：4mg*7片*2板,件装量：200,
￥16.50,14.50,泻痢固肠片, 天津中新药业集团股份有限公司隆顺榕制药厂,规格：0.6g*12片*2板,件装量：200,
￥2.50,2.20,克拉霉素片, 广东逸舒制药股份有限公司,规格：0.125g*6片,件装量：300,
￥7.00,6.90,硫糖铝咀嚼片, 新乡市常乐制药有限责任公司,规格：0.25g*100粒,件装量：400,
￥6.50,6.40,琥乙红霉素颗粒(利君沙), 西安利君制药有限责任公司,规格：0.1g*12包,件装量：300,
￥8.50,8.20,复方板蓝根颗粒, 四川依科制药有限公司,规格：15g*20袋,件装量：60,
￥68.50,67.50,噻托溴铵粉雾剂, 正大天晴药业集团股份有限公司,规格：18μg(以噻托铵计)*10粒,件装量：200,
￥3.90,3.88,【基药】活血止痛胶囊, 江西百神昌诺药业有限公司,规格：0.25g*24粒,件装量：400,
￥75.80,75.20,普瑞巴林胶囊(乐瑞卡), 辉瑞制药有限公司,规格：75mg*8粒,件装量：240,
￥55.00,53.10,复方黄连素片, 四川森科制药有限公司,规格：30mg*1000片,件装量：30,
￥68.50,67.90,多维元素片(29)(善存), 惠氏制药有限公司,规格：60片,件装量：48,
￥10.00,9.90,强力枇杷露, 贵州神奇药业有限公司,规格：120ml,件装量：100,
￥26.75,25.80,当飞利肝宁胶囊, 四川美大康药业股份有限公司,规格：0.25g*36粒,件装量：400,
￥7.10,6.90,头孢克洛胶囊(可洛), 苏州中化药品工业有限公司,规格：0.25g*12粒,件装量：400,
￥26.10,26.00,颈复康颗粒, 颈复康药业集团有限公司,规格：5g*8袋,件装量：80,
￥20.20,20.00,脂必泰胶囊, 成都地奥九泓制药厂,规格：0.24g*10粒,件装量：200,
￥4.30,4.26,罗红霉素分散片(宜明), 成都恒瑞制药有限公司,规格：0.15g*6片*2板,件装量：400,
￥6.90,6.80,小儿止咳糖浆, 华润三九(雅安)药业有限公司,规格：120ml,件装量：120,
￥33.00,30.80,癃清片, 天津中新药业集团股份有限公司隆顺榕制药厂,规格：0.6g*16片*3板,件装量：200,
￥4.50,4.48,脑心舒口服液(玻璃管), 湖北东信药业有限公司,规格：10ml*10支,件装量：90,
￥32.70,31.80,枸橼酸坦度螺酮胶囊(律康), 四川科瑞德制药股份有限公司,规格：5mg*24粒,件装量：180,
￥20.00,18.90,盐酸氨基葡萄糖片(九力), 江苏正大清江制药有限公司,规格：750mg*12片,件装量：360,
￥17.00,16.80,氯霉素片, 成都锦华药业有限责任公司,规格：0.25g*100片,件装量：200,
￥25.00,16.80,氯诺昔康片(薄膜衣), 黑龙江乌苏里江制药有限公司哈尔滨分公司,规格：8mg*12片,件装量：300,
￥9.20,9.10,脑络通胶囊, 广西欢宝药业有限公司,规格：0.5g*30粒,件装量：400,
￥12.90,12.60,黄芪精, 江苏聚荣制药集团有限公司,规格：10ml*10支,件装量：60,
￥3.80,3.56,天麻片, 广西十万山制药有限公司,规格：100片,件装量：480,
￥2.55,2.53,盐酸西替利嗪片(比特力), 成都恒瑞制药有限公司,规格：10mg*6片,件装量：400,
￥11.85,11.80,六味地黄丸, 九芝堂股份有限公司,规格：200丸,件装量：120,
￥35.00,34.20,大活络丸, 国药集团冯了性(佛山)药业有限公司        ,规格：3.5g*6丸,件装量：100,
￥6.30,5.80,胃康胶囊, 沈阳神龙药业有限公司,规格：0.3g*12粒*2板,件装量：300,
￥19.60,19.33,法莫替丁钙镁咀嚼片, 北京红林制药有限公司,规格：12片,件装量：200,
￥4.50,4.30,替米沙坦片, 浙江金立源药业有限公司,规格：40mg*7片*2板,件装量：300,
￥58.00,56.00,天灿柠檬酸苹果酸钙片(爱乐维), 仙乐健康科技股份有限公司                ,规格：1.236g60片,件装量：24,
￥2.70,2.68,桔梗冬花片, 四川德元药业集团有限公司,规格：100片,件装量：600,
￥20.80,20.70,丁细牙痛胶囊, 深圳市泰康制药有限公司,规格：0.45g*12粒*2板,件装量：500,
￥25.00,22.50,采森牌葡萄糖酸锌口服液, 南昌市草珊瑚生物技术有限公司,规格：10ml*30支,件装量：30,
￥28.50,28.10,乌灵胶囊, 浙江佐力药业股份有限公司,规格：0.33g*27粒,件装量：180,
￥45.50,45.10,多维元素片(21)(金维他*民生), 杭州民生健康药业有限公司,规格：100片,件装量：60,
￥26.68,23.35,莫匹罗星软膏(百多邦)(ZD), 中美天津史克制药有限公司,规格：10g,件装量：200,
￥7.80,7.77,葡萄糖粉剂, 福州海王福药制药有限公司,规格：20g*18包,件装量：40,
￥21.50,21.10,醋酸泼尼松片(强的松), 重庆科瑞制药(集团)有限公司,规格：5mg*1000片,件装量：100,
￥12.30,12.10,复方氨酚那敏颗粒（速冲）, 河北国金药业有限责任公司,规格：10g*50袋/包,件装量：30,
￥25.50,24.80,乳癖散结胶囊, 陕西白鹿制药股份有限公司,规格：0.53g*36粒,件装量：200,
￥5.50,5.20,消炎利胆片, 广东一力集团制药股份有限公司,规格：0.24g*100片,件装量：300,
￥5.50,5.20,盐酸二甲双胍缓释片, 上海普康药业有限公司,规格：0.5g*30片,件装量：300,
￥17.10,16.90,镇脑宁胶囊, 通化东宝药业股份有限公司,规格：0.3g*60粒,件装量：100,
￥20.50,20.00,强力天麻杜仲胶囊, 贵州三力制药股份有限公司,规格：0.4g*48粒,件装量：200,
￥5.70,5.60,尼美舒利分散片(新格菲), 西安天一秦昆制药有限责任公司,规格：50mg*12片*2板,件装量：360,
￥7.05,7.00,痹痛宁胶囊, 贵州恒霸药业有限责任公司,规格：0.2g*12粒*2板,件装量：300,
￥13.68,11.90,益脑胶囊, 中美华医(河北)制药有限公司,规格：0.3g*36粒,件装量：300,
￥26.90,26.20,二甲双胍格列本脲片(I), 成都恒瑞制药有限公司,规格：0.25g：1.25mg*10片*3板,件装量：200,
￥24.45,24.20,桂枝茯苓胶囊, 江苏康缘药业股份有限公司,规格：0.31g*10粒*5板,件装量：320,
￥10.60,10.50,西咪替丁片, 成都锦华药业有限责任公司,规格：0.2g*100片,件装量：180,
￥13.50,11.80,活血通脉胶囊, 四川森科制药有限公司,规格：0.43g*12粒*3板,件装量：240,
￥31.00,30.80,铝碳酸镁咀嚼片(铝碳酸镁片), 拜耳医药保健有限公司委托拜耳医药保健有限公司启东分公司,规格：0.5g*30片,件装量：240,
￥7.20,6.90,盐酸地芬尼多片, 新乡市新辉药业有限公司                  ,规格：25mg*30片,件装量：600,
￥12.10,11.90,甘露聚糖肽片(多抗甲素), 成都利尔药业有限公司,规格：5mg*48片,件装量：400,
￥4.45,4.35,头孢拉定胶囊, 江苏亚邦强生药业有限公司,规格：0.25g*24粒,件装量：400,
￥8.50,7.80,肺宁分散片, 伊春五加参药业有限责任公司,规格：0.45g*12片*2板,件装量：300,
￥63.25,58.50,门冬氨酸鸟氨酸颗粒(瑞甘), 武汉启瑞药业有限公司,规格：3g*10袋,件装量：100,
￥7.55,7.50,维生素C片, 新乡市常乐制药有限责任公司,规格：0.1g*1000片,件装量：160,
￥79.00,76.60,丙戊酸钠口服溶液(德巴金), 赛诺菲(杭州)制药有限公司,规格：300ml:12g,件装量：12,
￥16.50,16.00,清开灵颗粒, 广州白云山明兴制药有限公司委托广东康奇力药业股份有限公司生产,规格：3g*18袋,件装量：200,
￥87.00,85.50,复方斑蝥胶囊, 贵州益佰制药股份有限公司,规格：0.25g*12粒*5板,件装量：80,
￥7.50,7.20,头孢泊肟酯片(敏欣), 浙江京新药业股份有限公司,规格：0.1g*6片,件装量：400,
￥12.50,12.38,阿莫西林克拉维酸钾片(强力阿莫仙), 珠海联邦制药股份有限公司中山分公司,规格：0.375g*12片,件装量：200,
￥14.80,14.70,心脑清软胶囊, 国药集团武汉中联四药药业有限公司,规格：0.415g*100粒,件装量：100,
￥50.80,46.80,美沙拉秦缓释颗粒(艾迪莎), 上海爱的发制药有限公司,规格：500mg*10袋,件装量：165,
￥8.50,7.50,丁苯羟酸乳膏, 湖南迪诺制药股份有限公司,规格：10g:0.5g/支,件装量：300,
￥51.00,50.50,碳酸钙D3咀嚼片(II)(钙尔奇), 惠氏制药有限公司,规格：0.3g*64片,件装量：60,
￥14.50,12.80,硝呋太尔阴道片, 烟台鲁银药业有限公司,规格：0.25g*6片,件装量：300,
￥12.50,12.45,硫酸阿托品片, 杭州民生药业有限公司,规格：0.3mg*100片,件装量：200,
￥25.00,22.10,玻璃酸钠滴眼液, 沈阳兴齐眼药股份有限公司,规格：（0.1%）0.4ml*10支,件装量：360,
￥2.60,2.50,头孢克肟胶囊, 浙江昂利康制药股份有限公司,规格：0.1g*6粒,件装量：300,
￥22.00,21.10,布洛芬缓释胶囊（芬必得）, 中美天津史克制药有限公司,规格：0.3g*24粒,件装量：200,
￥36.50,36.30,葛酮通络胶囊, 安徽九方制药有限公司,规格：0.25g*12粒,件装量：300,
￥90.00,88.00,奥利司他胶囊, 重庆植恩药业有限公司,规格：120mg*18片,件装量：120,
￥20.30,18.80,肾炎舒片(薄膜衣), 吉林市鹿王制药股份有限公司,规格：0.27g*54粒,件装量：200,
￥6.80,6.30,头孢克肟干混悬剂, 云南铭鼎药业有限公司,规格：100mg*10袋,件装量：240,
￥41.00,39.20,沙利度胺片, 常州制药厂有限公司,规格：25mg*20片,件装量：100,
￥20.00,19.80,维生素C泡腾片(力度伸)(橙味)（SC）, 拜耳医药保健有限公司委托山东新华制药股份有限公司,规格：1g*10片,件装量：200,
￥8.20,7.90,阿莫西林胶囊, 四川依科制药有限公司,规格：0.5g*40粒,件装量：400,
,29.90,阿胶补血膏, 河南省新四方制药有限公司,规格：200g,件装量：48,
￥12.21,11.88,复方对乙酰氨基酚片(II)（散利痛）, 拜耳医药保健有限公司委托山东新华制药股份有限公司,规格：250mg：150mg：50mg*20片,件装量：200,
￥6.50,5.80,红霉素眼膏, 云南植物药业有限公司,规格：4g（0.5%）,件装量：500,
￥11.50,11.20,复方氨酚那敏颗粒, 四川依科制药有限公司,规格：50包,件装量：40,
￥4.00,3.20,利鼻片, 吉林省民泰制药股份有限公司,规格：0.25g*12片*3板,件装量：300,
￥18.00,16.80,加味逍遥丸, 天津中新药业集团股份有限公司乐仁堂制药厂,规格：6g*10袋,件装量：80,
￥10.50,9.80,红霉素肠溶胶囊, 浙江华润三九众益制药有限公司,规格：0.125g（12.5万单位）*12粒,件装量：500,
￥22.45,21.60,盐酸丙卡特罗片(美普清), 浙江大冢制药有限公司,规格：25ug*20片,件装量：200,
￥16.80,13.50,平溃散, 西安必康制药集团有限公司,规格：6g*9袋,件装量：200,
￥7.65,7.50,克拉霉素片(科曼欣), 重庆科瑞制药(集团)有限公司,规格：0.125g*12片,件装量：400,
￥46.00,44.50,吸入用异丙托溴铵溶液(爱全乐), Laboratoire Unither(法国),规格：2ml:500μg*10支,件装量：84,
￥25.00,24.20,猴头菌提取物颗粒, 山西康欣药业有限公司,规格：3g*18袋(无糖型),件装量：200,
￥23.50,19.00,晕痛定胶囊, 河南龙都药业股份有限公司,规格：0.4g*27粒,件装量：200,
￥7.90,7.89,感冒清热颗粒, 广东恒诚制药股份有限公司(原广东恒诚制药有限公司),规格：12g*20袋,件装量：50,
￥27.50,27.10,盐酸苯海拉明片, 上海玉瑞生物科技(安阳)药业有限公司,规格：25mg*100片,件装量：600,
￥5.30,4.80,复方利血平片, 山西同达药业有限公司,规格：100片,件装量：480,
￥29.00,28.97,妥布霉素地塞米松滴眼液（典必殊）, s.a.ALCON-COUVREURn.v.,规格：5ml:15mg:5mg,件装量：720,
￥4.30,4.25,阿莫西林克拉维酸钾片(中诺艾琳), 石药集团中诺药业(石家庄)有限公司,规格：0.375g*6片,件装量：400,
￥9.80,8.90,越鞠保和丸, 天津中新药业集团股份有限公司乐仁堂制药厂,规格：6g*5袋,件装量：160,
￥12.00,9.80,止痒酊, 广西宝瑞坦制药有限公司,规格：20ml,件装量：240,
￥28.50,27.50,匹多莫德口服溶液(芙露饮), 江苏吴中医药集团有限公司苏州制药厂,规格：10ml:0.4g*8支,件装量：60,
￥21.74,19.80,小儿柴桂退热颗粒, 贵州百灵企业集团制药股份有限公司,规格：4g*12袋,件装量：120,
￥44.50,43.20,阿立哌唑口崩片(博思清), 成都康弘药业集团股份有限公司,规格：5mg*20片,件装量：120,
￥12.00,9.90,益脑胶囊, 中美华医(河北)制药有限公司,规格：0.3g*10粒*3板,件装量：300,
￥19.50,17.80,叶酸片, 华润紫竹药业有限公司,规格：0.4mg*31片,件装量：200,
,2.90,蒲公英片, 广西日田药业集团有限责任公司,规格：10片*4板,件装量：300,
￥24.54,24.30,心脑清软胶囊, 神威药业集团有限公司,规格：0.415g*100粒,件装量：120,
￥143.00,138.00,复方α-酮酸片, 北京福元医药股份有限公司委托北京康而福药业有限责任公司,规格：0.63g*100片,件装量：60,
￥39.00,36.80,补血益母丸, 株洲千金药业股份有限公司,规格：12g*6袋浓缩丸,件装量：150,
￥6.00,5.50,复方锌布颗粒剂, 河北金牛原大药业科技有限公司,规格：15袋,件装量：200,
￥12.60,12.50,盐酸小檗碱片(盐酸黄连素片), 成都锦华药业有限责任公司,规格：0.1g*100片,件装量：300,
￥33.19,32.50,贝诺酯片(扑炎痛片), 重庆和平制药有限公司,规格：0.5g*500片,件装量：40,
￥4.30,3.60,追风舒经活血片, 吉林省辉南长龙生化药业股份有限公司,规格：24片,件装量：200,
￥27.70,27.60,氯沙坦钾片(缓宁), 扬子江药业集团四川海蓉药业有限公司,规格：50mg*7片,件装量：200,
￥7.50,7.20,连翘败毒丸, 包头中药有限责任公司                    ,规格：9g*6袋,件装量：100,
￥3.80,3.60,叶酸片, 烟台中洲制药有限公司,规格：0.4mg*31片,件装量：360,
￥26.80,26.50,丹参酮胶囊, 河北兴隆希力药业有限公司,规格：0.25g*36粒,件装量：300,
￥5.80,5.50,麝香止痛贴膏, 沈阳管城制药有限责任公司,规格：7*10cm*3贴/袋*4袋,件装量：300,
￥2.70,2.55,头孢克肟胶囊, 天津医药集团津康制药有限公司,规格：100mg*6粒,件装量：600,
￥13.00,12.50,耳聋通窍丸, 天津中新药业集团股份有限公司乐仁堂制药厂,规格：5g*5袋（水丸）,件装量：100,
￥8.00,7.70,盐酸特比萘芬喷雾剂, 广东彼迪药业有限公司,规格：15ml：0.15g,件装量：400,
￥1.40,1.33,红霉素软膏, 广东恒健制药有限公司,规格：10g,件装量：800,
￥44.20,43.10,蒲地蓝消炎口服液, 济川药业集团有限公司,规格：10ml*12支,件装量：60,
￥24.20,24.10,复明片, 西安碑林药业股份有限公司,规格：0.3g*90片,件装量：100,
￥41.20,40.20,正清风痛宁缓释片, 湖南正清制药集团股份有限公司,规格：60mg*36片,件装量：120,
￥11.00,10.80,赖氨酸磷酸氢钙颗粒, 山西新宝源制药有限公司,规格：12包,件装量：240,
￥61.80,60.80,格列喹酮片(糖适平), 北京万辉双鹤药业有限责任公司,规格：30mg*60片,件装量：120,
￥64.00,63.50,酚氨咖敏片（克感敏片）, 四川森科制药有限公司,规格：1000片,件装量：20,
￥31.00,29.20,金鸡胶囊, 广西葛洪堂药业有限公司（原金鸡药业股份有限公司）,规格：0.35g*48粒,件装量：300,
￥3.80,3.79,多潘立酮片, 丹东宏业制药有限公司,规格：10mg*30片,件装量：400,
￥8.80,8.30,去痛片, 重庆迪康长江制药有限公司,规格：100片,件装量：200,
￥46.00,45.00,拉米夫定片, 湖南千金湘江药业股份有限公司,规格：0.1g*14片,件装量：200,
￥9.98,9.96,小金丸, 成都九芝堂金鼎药业有限公司,规格：0.6g*4瓶,件装量：200,
￥3.90,3.85,头孢氨苄胶囊, 江苏亚邦强生药业有限公司,规格：0.125g*50粒,件装量：400,
￥44.50,44.10,华佗再造丸(华佗再造丸), 广州白云山中一药业有限公司,规格：8g*16袋（浓缩水蜜丸）,件装量：80,
￥15.90,15.50,吸入用乙酰半胱氨酸溶液, Zambon S.P.A,规格：3ml:0.3g*5支,件装量：560,
￥196.50,195.20,噻托溴铵粉雾剂, 正大天晴药业集团股份有限公司,规格：10粒/板*3板,件装量：120,
￥25.50,25.10,对乙酰氨基酚口服混悬液(泰诺林), 上海强生制药有限公司,规格：100ml:3.2g,件装量：100,
￥48.50,48.20,缬沙坦氨氯地平片(I)（倍博特）(Z), Novartis Farmaceutica S.A.spain(分包装厂：北京诺华制药有限公司),规格：(80mg/5mg)*7片,件装量：320,
￥18.00,17.80,依托考昔片, 成都苑东生物制药股份有限公司,规格：60mg*5片,件装量：200,
￥7.40,7.10,复方板蓝根颗粒, 四川旭阳药业有限责任公司,规格：15g*20袋,件装量：60,
￥17.20,17.17,复方青橄榄利咽含片(慢严舒..., 桂龙药业(安徽)有限公司,规格：0.5g*24片,件装量：240,
￥106.00,105.10,多维元素片29(善存片), 惠氏制药有限公司,规格：100片,件装量：24,
￥91.00,90.20,拉莫三嗪片, GlaxoSmithKlinePharmaceuticalsS.A.,规格：50mg*30片,件装量：72,
￥8.55,8.50,麦迪霉素片, 地奥集团成都药业股份有限公司,规格：0.1g*100片,件装量：200,
￥8.19,7.30,麻仁润肠丸, 河南华峰制药有限公司,规格：3.2g*8袋,件装量：200,
￥18.50,17.50,复方板蓝根颗粒, 广州白云山和记黄埔中药有限公司委托广州白云山和记黄埔中药（亳州）有限公司,规格：15g*20袋,件装量：50,
￥12.60,12.52,吸入用布地奈德混悬液（ZD), 正大天晴药业集团股份有限公司,规格：1mg:2ml*5支,件装量：1080,
￥27.99,26.50,胆宁片, 上海和黄药业有限公司,规格：0.36g*100片,件装量：200,
￥9.50,8.50,风油精, 漳州水仙药业股份有限公司,规格：5ml（走珠）,件装量：200,
￥5.51,5.50,妇炎康复片, 锦州汉宝药业有限公司,规格：0.35g*45片,件装量：320,
￥8.50,8.49,糠酸莫米松乳膏(WS), 华润三九(南昌)药业有限公司,规格：10g,件装量：300,
￥5.80,5.50,关节止痛膏, 沈阳管城制药有限责任公司,规格：7*10cm*3贴/袋*4袋,件装量：300,
￥73.00,71.50,奥拉西坦胶囊(欧来宁), 石药集团欧意药业有限公司,规格：0.4g*24粒,件装量：200,
￥98.50,98.20,甲氧氯普胺片(胃复安片), 江苏平光制药有限责任公司,规格：5mg*1000片,件装量：240,
￥59.80,58.80,甘草酸二铵肠溶胶囊(天晴甘平), 正大天晴药业集团股份有限公司,规格：50mg*63粒,件装量：100,
￥4.50,4.05,五维他口服溶液, 广东南国药业有限公司,规格：100ml,件装量：120,
￥3.00,2.70,辣椒风湿膏, 广东粤威制药有限公司,规格：6.5cm*10cm*4片,件装量：120,
￥3.00,2.70,骨增生镇痛膏, 广东粤威制药有限公司,规格：7cm*10cm*4片,件装量：120,
￥12.80,11.55,阿归养血颗粒, 吉林京辉药业股份有限公司(原通化振霖药业),规格：10g*9袋,件装量：400,
￥18.30,18.27,腰痛宁胶囊, 颈复康药业集团有限公司,规格：0.3g*10粒*2板,件装量：80,
￥18.50,18.48,口炎颗粒, 四川光大制药有限公司,规格：3g*20袋,件装量：120,
￥32.10,32.00,通心络胶囊, 石家庄以岭药业股份有限公司,规格：0.26g*40粒,件装量：320,
￥64.30,64.10,来氟米特片(爱若华), 苏州长征-欣凯制药有限公司,规格：10mg*16片,件装量：120,
￥69.00,65.80,燀山桃仁, 四川皓博药业有限公司,规格：燀制1kg,件装量：30,
￥5.40,4.90,心脑康胶囊, 吉林省集安益盛药业股份有限公司,规格：0.25g*36粒,件装量：200,
￥29.30,29.00,津力达颗粒, 石家庄以岭药业股份有限公司,规格：9g*9袋,件装量：120,
￥29.40,28.50,酪酸梭菌肠球菌三联活菌片," Toa Pharmaceutical Co.,Ltd.Tatebayashi Plant（分包装厂：惠州市九惠制药股份有限公司）",规格：12片,件装量：300,
￥36.10,35.80,腰痹通胶囊, 江苏康缘药业股份有限公司,规格：0.42g*50粒,件装量：320,
￥65.80,64.80,枸地氯雷他定片, 扬子江药业集团广州海瑞药业有限公司,规格：8.8mg*6片,件装量：200,
￥3.85,3.50,吸入用异丙托溴铵溶液, 四川普锐特药业有限公司,规格：2ml:0.5mg*10支,件装量：1000,
￥5.50,5.00,隆力奇蛇油果酸滋润锁水护手霜, 卡莱丽化妆品有限公司,规格：50g,件装量：36,
￥17.60,17.10,红霉素肠溶片, 特一药业集团股份有限公司,规格：0.125g*100片(肠溶衣）,件装量：200,
￥1.20,1.10,复方公英片, 河南省康华药业股份有限公司,规格：50片,件装量：900,
￥48.60,47.80,枸杞子(约180粒), 四川博仁药业有限责任公司,规格：特级、净制 0.5kg,件装量：20,
￥30.42,29.80,磷酸铝凝胶," BoryungPharmaceuticalCo.,Ltd.",规格：20g:11g*6袋,件装量：80,
￥3.10,2.85,胖大海糖片, 广西厚德大健康产业股份有限公司,规格：24g,件装量：200,
￥2.50,2.30,阿奇霉素片, 天方药业有限公司,规格：0.25g*6片,件装量：400,
￥89.00,85.50,姜半夏, 四川博仁药业有限责任公司,规格：生姜白矾制 0.5kg,件装量：60,
￥8.90,8.55,去痛片, 山西同达药业有限公司,规格：100片,件装量：240,
￥6.50,6.25,甲硝唑氯己定洗剂, 广州花海药业股份有限公司,规格：300ml,件装量：60,
￥4.50,4.48,头孢克肟胶囊(达力芬), 国药集团致君(深圳)制药有限公司,规格：0.1g*6粒,件装量：480,
￥18.80,18.60,马应龙麝香痔疮膏, 马应龙药业集团股份有限公司,规格：4g*6支,件装量：100,
￥7.00,6.50,替米沙坦片, 天津华津制药有限公司,规格：40mg*14片,件装量：300,
￥2.80,2.60,咽炎片, 伊春五加参药业有限责任公司,规格：0.25g*30片,件装量：400,
￥18.50,18.47,枣仁安神胶囊, 国药集团同济堂(贵州)制药有限公司,规格：0.45g*25粒,件装量：300,
￥9.90,9.20,壮腰健肾丸, 广东嘉应制药股份有限公司,规格：5.6g*10丸,件装量：100,
￥13.76,13.75,莫匹罗星软膏（百多邦）, 中美天津史克制药有限公司,规格：5g*2%,件装量：200,
￥34.05,34.00,补肾固齿丸, 成都九芝堂金鼎药业有限公司,规格：4克*8袋,件装量：90,
￥6.00,5.60,伤湿祛痛膏, 沈阳管城制药有限责任公司,规格：7*10cm*3贴/袋*4袋,件装量：300,
￥18.00,16.80,明目蒺藜丸, 天津中新药业集团股份有限公司乐仁堂制药厂,规格：9g*6瓶（水丸）,件装量：120,
￥4.50,4.20,根痛平胶囊, 长春万德制药有限公司,规格：0.3g*32粒,件装量：400,
￥63.30,63.10,罗格列酮钠片(太罗), 太极集团重庆涪陵制药厂有限公司委托太极集团四川太极制药有限公司,规格：4mg*15片,件装量：100,
￥18.80,18.68,维胺酯胶囊(三蕊), 重庆华邦制药有限公司,规格：25mg*20粒,件装量：100,
￥14.85,12.55,酚咖片(芬必得)(ZD), 中美天津史克制药有限公司,规格：20片,件装量：200,
￥18.00,16.90,冷敷凝胶（黄氏活络油）, 吉林省黄氏黄道益药业有限公司,规格：25ml,件装量：216,
,3.10,萘敏维滴眼液, 合肥利民制药有限公司,规格：8ml,件装量：400,
￥21.86,21.85,胃苏颗粒(无糖型), 扬子江药业集团江苏制药股份有限公司委托扬子江药业集团江苏龙凤堂中药有限公司,规格：5g*9袋,件装量：60,
￥8.60,8.10,苯妥英钠片, 开封制药(集团)有限公司,规格：0.1g*100片,件装量：480,
￥48.50,47.80,复方氢氧化铝片, 三门峡赛诺维制药有限公司,规格：1000片,件装量：40,
￥6.20,5.85,醒脑再造丸, 吉林省银河制药有限公司,规格：9g*10丸（大蜜丸）,件装量：150,
￥9.10,8.60,肾石通颗粒, 四川森科制药有限公司,规格：4g*12袋,件装量：200,
￥61.80,58.50,孟鲁司特钠片(白三平), 四川大冢制药有限公司,规格：10mg*10片,件装量：100,
￥3.90,3.80,蟾麝救心丸, 通化金恺威药业有限公司,规格：30粒,件装量：300,
￥90.20,90.00,驴胶补血颗粒, 九芝堂股份有限公司,规格：20g*30袋,件装量：12,
￥21.80,20.70,抗病毒口服液, 安徽东盛友邦制药有限公司,规格：10ml*20支,件装量：40,
￥2.10,2.00,通便灵胶囊, 广西迪泰制药股份有限公司,规格：0.25g*12粒*2板,件装量：300,
￥35.90,35.80,颠茄片, 西安利君制药有限责任公司,规格：10mg*1000片,件装量：80,
￥15.00,14.98,依苏/马来酸依那普利片(依苏), 扬子江药业集团江苏制药股份有限公司,规格：10mg*8片*2板,件装量：300,
￥34.50,34.10,贝诺酯片(扑炎痛片), 重庆迪康长江制药有限公司,规格：0.5g*500片,件装量：20,
￥7.60,7.25,氟康唑胶囊, 昆明积大制药股份有限公司,规格：50mg*12粒,件装量：400,
￥22.68,22.66,胃苏颗粒, 扬子江药业集团江苏制药股份有限公司,规格：15g*9袋,件装量：60,
￥79.80,78.90,回生口服液, 成都地奥集团天府药业股份有限公司,规格：10ml*10支,件装量：40,
￥138.00,132.00,沙美特罗替卡松吸入粉雾剂, Glaxo Wellcome Production,规格：50μg/100μg*60泡,件装量：50,
￥17.40,17.37,坤宝丸, 北京同仁堂股份有限公司同仁堂制药厂,规格：50丸*10袋,件装量：120,
￥14.50,14.30,清泻丸, 广州白云山中一药业有限公司,规格：5.4g*9袋（水丸）,件装量：200,
￥6.10,5.85,甲硝唑氯己定洗剂, 广州花海药业股份有限公司,规格：50ml*4瓶,件装量：120,
￥7.50,7.20,橘红丸, 广东嘉应制药股份有限公司,规格：6g*10丸（大蜜丸）,件装量：100,
￥76.00,74.50,复方玄驹胶囊, 浙江施强制药有限公司,规格：0.42g*12粒*3板,件装量：200,
￥64.05,62.80,炙黄芪, 四川博仁药业有限责任公司,规格：蜜炙 1kg,件装量：30,
￥11.60,11.45,精制狗皮膏, 桂林华润天和药业有限公司,规格：8cm*13cm*4贴*2袋,件装量：160,
￥19.00,18.30,云芝菌胶囊, 沈阳双鼎制药有限公司,规格：0.32g*40粒,件装量：200,
￥6.80,6.55,枸橼酸钾颗粒, 吉林省恒和维康药业有限公司,规格：1.46g/2g*12袋,件装量：200,
￥20.00,19.90,散寒活络丸, 北京同仁堂科技发展股份有限公司制药厂,规格：3g*10丸大蜜丸,件装量：80,
￥12.50,12.10,麦白霉素片, 江苏平光制药有限责任公司,规格：0.1g（10万单位）*100片,件装量：240,
￥9.40,9.10,糠甾醇片, 北京中新药业股份有限公司,规格：40mg*100片,件装量：480,
￥9.40,9.10,盖胃平片, 山西利丰华瑞制药有限责任公司,规格：150片,件装量：96,
￥9.50,9.20,通滞苏润江胶囊, 新疆银朵兰维药股份有限公司,规格：0.25g*24粒,件装量：400,
￥64.00,63.50,酚氨咖敏片(克感敏片), 重庆迪康长江制药有限公司,规格：1000片,件装量：20,
￥9.90,9.60,银翘解毒丸, 广东嘉应制药股份有限公司,规格：9g*10丸（大蜜丸）,件装量：100,
￥3.50,3.49,加替沙星片(福奇), 湖北潜江制药股份有限公司,规格：0.2g*6片,件装量：400,
￥42.30,42.20,复方氨肽素片(迪银片), 重庆华邦制药有限公司,规格：120片,件装量：100,
￥28.00,27.30,附桂骨痛颗粒, 清华德人西安幸福制药有限公司,规格：5g*21袋,件装量：120,
￥18.90,15.99,双氯芬酸钠肠溶片(扶他林), 北京诺华制药有限公司,规格：25mg*30片,件装量：540,
￥42.50,41.50,奥卡西平片, 武汉人福药业有限责任公司,规格：0.3g*30片,件装量：200,
￥6.50,6.45,氢溴酸右美沙芬分散片, 石药集团欧意药业有限公司,规格：15mg*24片,件装量：400,
￥19.70,19.55,钙铁锌硒维生素片, 江苏阿尔发生物科技有限公司,规格：1300mg*90片,件装量：66,
￥21.70,21.55,盆炎净颗粒, 昆明积大制药股份有限公司,规格：10g*12袋,件装量：90,
￥40.00,39.20,安乃近片, 南阳普康恒旺药业有限公司,规格：0.5g*1000片,件装量：20,
￥46.85,46.80,阿维A胶囊(方希), 重庆华邦制药有限公司,规格：10mg*10粒*3板,件装量：100,
￥11.00,10.80,硫酸钡(II)型干混悬剂, 青岛红蝶新材料有限公司,规格：200g,件装量：80,
￥13.60,13.59,氨苄西林胶囊, 联邦制药厂有限公司,规格：0.25g*24粒,件装量：300,
￥23.20,22.80,安坤颗粒, 西安自力中药集团有限公司,规格：10g*12袋,件装量：100,
￥48.70,48.50,消银片(薄膜衣片), 黑龙江福和制药集团股份有限公司,规格：0.32g*120片,件装量：100,
￥122.00,120.00,吗替麦考酚酯胶囊, 无锡福祈制药有限公司,规格：0.25g*10粒*4板,件装量：200,
￥29.00,28.99,都梁软胶囊, 重庆华森制药股份有限公司,规格：0.54g*27粒,件装量：200,
￥12.50,12.30,六味地黄胶囊, 广西鸿博原生制药有限公司,规格：10粒*3板/袋*2袋,件装量：100,
￥33.15,32.80,西甲硅油乳剂(柏西), Berlin-ChemieAG,规格：40mg/ml*30ml/瓶,件装量：160,
￥4.40,4.35,倍他米松片, 上海上药信谊药厂有限公司(原上海信谊药厂有限公司),规格：0.5mg*100片,件装量：300,
￥9.60,9.50,硝酸异山梨酯片, 上海复旦复华药业有限公司,规格：5mg*100片,件装量：240,
￥18.20,18.18,盐酸西替利嗪口服溶液(仙达安), 北京韩美药品有限公司,规格：60ml,件装量：100,
￥138.70,138.00,三勒浆牌三勒浆饮品, 成都三勒浆药业集团四川华美制药有限公司,规格：30ml*10瓶,件装量：12,
￥28.60,28.50,依托红霉素片, 西安利君制药有限责任公司,规格：0.125g*100片,件装量：360,
￥72.00,70.00,盐益智仁, 四川博仁药业有限责任公司,规格：盐炙 1kg,件装量：30,
￥61.00,58.50,血余炭, 四川皓博药业有限公司,规格：净制1kg,件装量：30,
￥21.00,17.80,肠炎宁片, 江西康恩贝中药有限公司,规格：0.42g*48片,件装量：200,
￥37.50,31.50,左甲状腺素钠片(优甲乐), MerckKGaA(分包装厂：默克制药(江苏)有限公司),规格：50ug*100片,件装量：180,
￥6.50,6.30,蒙脱石散(司邦得), 山东仙河药业有限公司,规格：3g*10袋,件装量：200,
￥7.40,7.20,头孢克肟分散片, 浙江莎普爱思药业股份有限公司,规格：0.1g*12片,件装量：300,
￥36.50,35.70,氨氯地平贝那普利片(II), 成都地奥制药集团有限公司,规格：10mg;5mg（盐酸贝那普利：氨氯地平）*10片,件装量：200,
￥23.05,22.80,地奈德乳膏(力言卓), 重庆华邦制药有限公司,规格：15g*0.05%*1支,件装量：200,
￥7.50,7.00,金银花露, 葵花药业集团(襄阳)隆中有限公司,规格：250ml,件装量：48,
￥11.50,11.20,口服补液盐散(I), 四川峨嵋山药业有限公司,规格：14.75g*20包,件装量：60,
