会员价,特价,药名,厂家,规格,效期
￥11.30,￥10.80,厄贝沙坦分散片(豪降之),华润双鹤利民药业(济南)有限公司,0.15g*12片,2022-08-31
￥8.49,￥8.00,齿痛消炎灵颗粒,河南中杰药业有限公司,20g*4袋,2022-10-31
￥20.50,￥20.40,铝镁加混悬液(安达),扬州一洋制药有限公司,15ml：1.5g*12袋/盒,2023-11-30
￥36.00,￥35.50,复方利血平氨苯蝶啶片(降压0号),华润双鹤药业股份有限公司,30片/盒,2022-10-27
￥47.20,￥46.20,维D钙咀嚼片(迪巧),安士制药（中山）有限公司,60片/瓶/盒,2022-07-27
￥7.00,￥6.50,坎地沙坦酯片(悉君宁),广州白云山天心制药股份有限公司,4mg*14片,2022-10-31
￥17.50,￥17.00,阿卡波糖胶囊,四川绿叶制药股份有限公司,50mg*30粒,2022-12-31
￥12.20,￥11.35,羚羊清肺颗粒,江西保利制药有限公司,6g*12袋,2022-10-10
￥35.50,￥34.00,小儿消积止咳口服液,鲁南厚普制药有限公司,10ml*10支,2023-03-31
￥178.00,￥148.33,肾宝片,江西汇仁药业股份有限公司,0.7g*9片*8板,2022-09-30
￥24.00,￥23.80,地榆升白片,成都地奥集团天府药业股份有限公司,0.1g*20片/板*2板/盒,2021-11-25
￥22.90,￥22.30,葡萄糖酸锌口服溶液,哈药集团三精制药有限公司,10ml*12支,2022-09-30
￥13.20,￥12.70,缬沙坦分散片(皇隆达乐),海南皇隆制药股份有限公司,80mg*14片,2022-09-30
￥43.84,￥43.50,儿童维D钙咀嚼片(迪巧),分包装企业：安士制药（中山）有限公司,30片/瓶/盒,2022-08-31
￥51.00,￥50.50,盐酸氨基葡萄糖片(步迈新),四川新斯顿制药股份有限公司,0.24g*60片,2022-08-31
￥20.86,￥17.60,F蒙脱石散(思密达（草莓味）),博福一益普生（天津）制药有限公司,3g*10袋/盒,2024-08-31
￥22.50,￥21.99,加巴喷丁胶囊,江苏恒瑞医药股份有限公司,0.1g*10粒*5板,2021-11-08
￥45.00,￥44.50,左氧氟沙星片(可乐必妥),第一三共制药（北京）有限公司,0.5g*4片,2023-09-20
￥26.50,￥26.00,硫酸氢氯吡格雷片(泰嘉),深圳信立泰药业股份有限公司,25mg*20片/瓶,2023-10-31
￥287.00,￥239.16,肾宝片,江西汇仁药业股份有限公司,0.7g*9片*14板,2022-10-31
￥34.50,￥34.00,普拉洛芬滴眼液(普南扑灵),"Senju Pharmaceutical Co.,Ltd.",5ml:5mg,2023-04-30
￥38.50,￥38.00,银杏叶提取物片(金纳多),Dr.Willmar Schwabe GmbH & Co. KG,40mg*10片*2板,2024-02-29
￥49.00,￥48.50,盐酸坦索罗辛缓释胶囊(哈乐),安斯泰来制药（中国）有限公司,0.2mg*10粒,2021-07-25
￥54.50,￥54.00,玻璃酸钠滴眼液(海露),URSAPHARM Arzneimittel GmbH,10ml,2023-05-05
￥5.10,￥4.80,吡罗昔康片(炎痛喜康),云鹏医药集团有限公司（原山西云鹏制药有限公司）,10mg*100片,2023-07-09
￥11.10,￥10.50,枸橼酸钙片,万邦德制药集团有限公司,0.5g*80片,2023-05-31
￥4.50,￥4.00,奥美拉唑肠溶胶囊,四川科伦药业股份有限公司,20mg*28粒,2022-08-18
￥0.95,￥0.93,乙酰螺旋霉素片,天方药业有限公司,0.1g*12片/盒,2022-04-30
￥14.00,￥13.86,复方氨酚那敏颗粒(速冲),河北长天药业有限公司,10g*50袋,2022-04-30
￥0.52,￥0.51,诺氟沙星胶囊,天方药业有限公司,0.1g*10粒,2023-11-30
￥4.20,￥4.00,安乃近片,远大医药（中国）有限公司,0.5g*100片,2023-10-31
￥3.70,￥3.50,双氯芬酸钠缓释片(路林),四川华新制药有限公司,0.1g*12片/板/盒,2023-10-31
￥0.95,￥0.93,乙酰螺旋霉素片,天方药业有限公司,0.1g*12片,2022-10-31
￥4.50,￥4.40,50%葡萄糖饮品,江西鑫源欣实业有限公司,20ml*6支/盒,2023-01-11
￥0.93,￥0.91,复方酮康唑发用洗剂,浙江鼎泰药业股份有限公司,5ml,2022-12-31
￥2.50,￥2.40,晕车贴,江西樟都药业有限公司,6贴,2023-01-02
￥1.70,￥1.60,高锰酸钾消毒片,济南康友消毒用品厂,0.2g*24片,2022-10-31
￥3.60,￥3.58,盐酸金霉素眼膏,新乡华青药业有限公司,（0.5%）2g/支,2022-09-30
￥1.45,￥1.35,维生素B1片,华中药业股份有限公司,10mg*100片,2023-10-31
￥12.60,￥12.00,中华跌打丸,广西梧州制药（集团）股份有限公司,6g*6丸,2022-10-12
￥5.10,￥5.00,布洛芬缓释胶囊(今来芬布得),长春海外制药集团有限公司,0.3g*10粒*2板,2022-10-31
￥9.50,￥9.30,通窍鼻炎颗粒,四川川大华西药业股份有限公司,2g*12袋,2022-10-31
￥7.20,￥7.00,通窍鼻炎颗粒,四川川大华西药业股份有限公司,2g*9袋,2022-11-23
￥3.60,￥3.30,苯磺酸氨氯地平片,宁波大红鹰药业股份有限公司,5mg*7片*4板,2022-05-31
￥1.70,￥1.55,呋喃唑酮片,云鹏医药集团有限公司（原山西云鹏制药有限公司）,10mg*100片,2023-06-07
￥16.50,￥16.20,硝苯地平控释片(欣然),上海现代制药股份有限公司,30mg*7片/盒,2022-10-31
￥8.70,￥8.50,肠胃宁片,云南腾冲东方红制药有限公司,0.3g*45片,2023-07-31
￥14.80,￥11.60,蜜炼川贝枇杷膏,广州白云山潘高寿药业股份有限公司,138g,2022-10-31
￥7.90,￥7.80,去痛片,山西太原药业有限公司,100片,2022-12-18
￥9.50,￥9.18,消肿止痛酊,广西壮族自治区花红药业股份有限公司,33ml,2023-09-22
￥7.00,￥6.90,复方苦参洗剂,浙江中法制药有限公司,150ml（不带冲）,2022-10-31
￥4.50,￥4.30,头孢呋辛酯片(达力新),国药集团致君（深圳）制药有限公司,0.25g*6片/盒,2023-11-30
￥22.90,￥22.30,复方葡萄糖酸钙口服溶液,哈药集团三精制药有限公司,10ml*12支/盒,2022-09-30
￥3.90,￥3.75,乙酰螺旋霉素胶囊,金日制药（中国）有限公司,0.1g*24片,2022-09-30
￥1.65,￥1.62,复方氨酚烷胺片（简装）,长春迪瑞制药有限公司,12片,2023-12-23
￥6.00,￥5.10,氯化钾缓释片,上海海虹实业（集团）巢湖今辰药业有限公司,0.5g*12片*2板,2022-10-31
￥3.80,￥3.66,冬凌草片,三门峡广宇生物制药有限公司,0.26g*100片,2022-04-30
￥12.50,￥12.20,金刚藤胶囊,湖北福人药业股份有限公司,0.5g*2板*12粒,2022-10-09
￥13.80,￥12.85,小儿七星茶颗粒,广州王老吉药业股份有限公司,7g*10袋,2023-09-30
￥9.00,￥8.85,阿法骨化醇软胶囊(奥司惠),广州白云山星群（药业）股份有限公司,0.25ug*20粒,2022-08-31
￥9.80,￥9.60,盐酸倍他司汀口服液,黑龙江中桂制药有限公司,10ml*9支,2022-03-17
￥6.00,￥5.90,隐形眼镜护理液(水氧e清),陕西仁康药业有限公司,150ml,2022-05-25
￥5.50,￥5.40,双氯芬酸钠缓释片,湖南华纳大药厂股份有限公司,0.1g*12片,2023-04-25
￥7.20,￥7.05,肺宁颗粒,吉林省罗邦药业有限公司,10g*10袋,2023-10-31
￥3.20,￥3.10,铝碳酸镁咀嚼片,山东鑫齐药业有限公司,0.5g*16片,2022-08-31
￥7.50,￥6.70,头孢克肟胶囊,浙江昂利康制药股份有限公司,100mg*16粒,2022-11-30
￥18.30,￥16.80,天然胶乳橡胶避孕套(love大胆爱吧)(杜蕾斯),青岛伦敦杜蕾斯有限公司,10只,2025-11-30
￥30.50,￥30.30,多维元素片（21）(21金维他),杭州民生健康药业有限公司,60片,2022-11-19
￥16.00,￥14.50,富马酸比索洛尔片(苏莱乐),成都苑东生物制药股份有限公司,5mg*18片,2022-06-30
￥8.00,￥7.90,强力枇杷露,回音必集团安徽制药有限公司,180ml,2022-10-31
￥3.50,￥3.40,马来酸氯苯那敏片(扑尔敏片),山西太原药业有限公司,4mg*100片,2022-08-26
￥13.00,￥12.80,血府逐瘀片,重庆希尔安药业有限公司,0.45g*36片,2023-02-27
￥2.80,￥2.65,盐酸左氧氟沙星滴眼液,亚邦医药股份有限公司,5ml:15mg,2022-08-31
￥20.80,￥20.60,复方血栓通胶囊,广东众生药业股份有限公司,0.5g*30粒,2022-12-31
￥24.00,￥23.60,玻璃酸钠滴眼液(爱丽),参天制药(中国)有限公司,5ml：5mg/瓶,2023-08-31
￥5.35,￥5.18,复方氢氧化铝片(胃舒平),上海青平药业有限公司,120片,2023-10-19
￥0.78,￥0.76,开塞露,上海运佳黄浦制药有限公司,20ml,2022-12-31
￥7.30,￥5.00,奥美拉唑肠溶胶囊(长谓安),海南葫芦娃药业集团股份有限公司,20mg*21粒/盒,2022-08-31
￥1.00,￥0.95,红霉素软膏,新乡市新辉药业有限公司,8g：1%,2025-09-30
￥6.40,￥6.00,晕车贴,海南宝元堂保健品有限公司,1.8cm*2贴,2023-02-28
￥10.50,￥9.50,格列美脲分散片,石药集团欧意药业有限公司,2mg*12片（10盒）,2022-09-21
￥27.00,￥26.60,碳酸钙D3颗粒(朗迪),北京振东康远制药有限公司委托山西振东制药股份有限公司,3g*12袋/盒,2023-10-02
￥8.50,￥8.40,感冒解毒颗粒,黑龙江省中医研究院制药厂,5g*12袋,2023-10-31
￥3.80,￥3.70,复方百部止咳颗粒,广西日田药业集团有限责任公司,10g*10袋,2022-12-31
￥36.00,￥35.80,非诺贝特胶囊(力平之),RECIPHARM FONTAINE,200mg*10粒,2023-01-30
￥6.20,￥6.00,葡萄糖粉剂(口服葡萄糖),四川峨眉山药业有限公司,500g,2022-12-31
￥28.30,￥28.00,左氧氟沙星滴眼液(可乐必妥),参天制药(中国)有限公司,5ml:24.4mg,2022-09-30
￥3.50,￥3.35,氨茶碱片,山西太原药业有限公司委托山西立业制药有限公司,0.1g*100片,2022-11-03
￥12.85,￥12.50,苯溴马隆片(尤诺),常州康普药业有限公司,50mg*10s,2023-10-31
￥4.60,￥4.55,头孢克肟胶囊(达力芬),国药集团致君（深圳）制药有限公司,0.1g*6粒,2022-11-30
￥23.00,￥22.70,孟鲁司特钠片(白三平),四川大冢制药有限公司,10mg*5片/盒,2022-11-01
￥26.50,￥25.90,多糖铁复合物胶囊,上海医药集团青岛国风药业股份有限公司,0.15g*10粒,2022-11-25
￥1.95,￥1.90,盐酸氨溴索片,国药集团汕头金石制药有限公司,30mg*20片,2023-09-30
￥5.40,￥5.30,琥乙红霉素颗粒(利君沙),西安利君制药有限责任公司,0.1g*10包,2022-04-11
￥7.50,￥7.35,盐酸地芬尼多片(眩晕停),湖南千金湘江药业股份有限公司,25mg*30片,2023-07-31
￥26.00,￥25.60,盐酸二甲双胍肠溶片,贵州天安药业股份有限公司,0.85g*60片,2022-09-30
￥2.70,￥2.58,磷酸苯丙哌林片（咳快好）,山西新宝源制药有限公司,20mg*100片,2022-08-31
￥145.00,￥144.00,恩替卡韦片(博路定),中美上海施贵宝制药有限公司,0.5mg*7片,2023-09-30
￥51.90,￥51.50,氟哌噻吨美利曲辛片(黛力新),H. Lundbeck  A/ S,20片,2022-12-31
￥7.50,￥7.40,降脂宁颗粒,洛阳君山制药有限公司,10g*9袋,2023-07-31
￥0.23,￥0.22,一次性使用医用口罩,四川恒明科技开发有限公司,中号,2022-12-16
￥8.55,￥8.45,地衣芽孢杆菌活菌胶囊(整肠生),东北制药集团沈阳第一制药有限公司,0.25g*6粒,2022-10-31
￥4.40,￥4.10,硝苯地平缓释片（I),国药集团工业有限公司,10mg*30片,2023-07-19
￥5.00,￥4.85,阿莫西林胶囊,石药集团中诺药业（石家庄）有限公司,0.25g*50粒,2022-05-14
￥7.00,￥6.90,转移因子口服溶液,大连百利天华制药有限公司,10ml/支*6支/盒,2022-11-30
￥15.80,￥15.25,硫酸沙丁胺醇吸入气雾剂,山东京卫制药有限公司,100ug：200揿,2022-10-31
￥10.50,￥10.30,盐酸丙卡特罗片(可朋),安徽环球药业股份有限公司,25ug*8片*5板,2022-10-27
￥32.20,￥30.70,尪痹片,辽宁上药好护士药业（集团）有限公司,0.5g*48片,2023-10-31
￥2.20,￥2.10,舒筋活血片,三门峡广宇生物制药有限公司,0.37g*100片/瓶（薄膜衣）,2022-10-31
￥4.40,￥4.20,布洛芬缓释胶囊,云鹏医药集团有限公司（原山西云鹏制药有限公司）,11粒*2板,2022-09-21
￥3.00,￥2.88,强力枇杷露,广西泰诺制药有限公司（石药控股集团广西泰诺制药有限公司）,100ml,2022-11-30
￥26.00,￥25.70,当飞利肝宁胶囊,四川美大康药业股份有限公司,0.25g*36粒,2023-06-30
￥5.20,￥5.00,了哥王片,广东罗浮山国药股份有限公司,0.22g*60片,2023-02-24
￥33.20,￥33.00,罗格列酮片(爱能),成都恒瑞制药有限公司,4mg*7片*2板,2022-10-26
￥3.20,￥3.10,左炔诺孕酮片,四川川大华西药业股份有限公司,0.75mg*2片,2024-03-31
￥24.80,￥23.80,聚乙二醇4000散(福松),Beaufour Ipsen Industrie,10g*10袋,2023-08-31
￥16.50,￥15.70,乳癖消片,辽宁上药好护士药业（集团）有限公司,12片*3,2023-04-30
￥2.70,￥2.60,人绒毛膜促性腺激素检测试纸(胶体金法),南通伊仕生物技术股份有限公司(原南通市伊士生物技术有限责任公司,1人份/盒(卡型),2023-08-21
￥1.95,￥1.80,维U颠茄铝胶囊III,山西汾河制药有限公司,24粒,2022-11-30
￥28.00,￥26.90,强力定眩片,陕西汉王药业股份有限公司,0.35g*60片/瓶/盒,2023-08-26
￥4.50,￥3.95,氯雷他定颗粒(雷诺敏),海南新世通制药有限公司,5mg*6袋,2022-04-30
￥11.00,￥10.80,复方黄藤洗液,广西德联制药有限公司,150ml/瓶（附冲洗器）,2022-11-30
￥8.00,￥7.80,银黄含片,成都地奥制药集团有限公司,0.65g*12片*2板,2022-11-18
￥5.80,￥5.50,小儿咽扁颗粒,兰州和盛堂制药股份有限公司,4g*18袋,2023-09-30
￥1.50,￥1.45,羧甲司坦片(化痰片),广东南国药业有限公司,0.25g*12片,2022-10-31
￥7.50,￥7.30,苯磺酸氨氯地平片,山西华元医药生物技术有限公司,5mg*40片,2022-07-31
￥6.00,￥5.90,盐酸氨溴索口服溶液（儿童）,哈尔滨市龙生北药生物工程股份有限公司,5ml*8支,2022-03-31
￥1.00,￥0.95,清火栀麦片,广西圣民制药有限公司,24片,2022-11-30
￥5.80,￥5.70,藿香清胃片,吉林省俊宏药业有限公司,15片/板*2板/盒,2023-09-30
￥17.50,￥16.00,安儿宁颗粒,金诃藏药股份有限公司,3g*9袋,2023-10-31
￥2.70,￥2.60,盐酸二甲双胍片,北京京丰制药集团有限公司,0.25g*48片,2023-04-10
￥5.10,￥4.95,复合维生素B片,成都第一制药有限公司,100片,2022-09-30
￥5.90,￥5.85,蛇胆川贝液,湖北纽兰药业有限公司,10ml*6支,2022-04-30
￥12.00,￥11.80,川贝清肺糖浆,回音必集团安徽制药有限公司委托安庆回音必制药股份有限公司,180ml/瓶/盒,2022-10-25
￥3.50,￥3.30,咳特灵胶囊,四川迪菲特药业有限公司,30粒,2022-03-31
￥11.20,￥10.60,枸橼酸莫沙必利胶囊(美唯宁),上海新黄河制药有限公司,5mg*24粒,2023-10-08
￥5.20,￥5.00,复方黄连素片,云南明镜亨利制药有限公司,100粒,2022-08-31
￥3.60,￥3.50,晕车贴,湖北惠真源药械有限公司,4贴,2023-10-31
￥40.00,￥39.00,沙利度胺片(反映亭),常州制药厂有限公司,25mg*20片,2023-07-15
￥2.50,￥2.40,舒筋活血片,洛阳君山制药有限公司,0.37g*48片,2022-02-25
￥4.60,￥3.80,吡罗昔康片,精华制药集团股份有限公司,10mg*100片,2022-08-24
￥4.50,￥4.40,凡士林,江西远峰药业有限公司,50g/盒,2023-01-01
￥20.00,￥19.60,复方地西泮片,济宁市安康制药有限责任公司,10片,2022-11-30
￥4.20,￥3.90,尼美舒利分散片,南昌市飞弘药业有限公司,0.1g*10片,2022-06-25
￥6.40,￥6.10,复方胃蛋白酶颗粒,四川峨嵋山药业有限公司,10g*18袋,2022-06-30
￥5.50,￥5.40,通宣理肺颗粒,江西本真药业有限责任公司,9g*8袋,2022-11-30
￥14.00,￥13.50,奥硝唑胶囊(奥博林),四川百利药业有限责任公司,250mg*24粒,2022-09-30
￥5.10,￥4.70,康妇软膏,吉林玉仁制药股份有限公司,10g/支/盒,2023-06-10
￥2.50,￥2.40,冰硼散,山东广育堂国药有限公司,3g,2022-09-30
￥2.10,￥2.00,维U颠茄铝胶囊（III）,山西鑫煜制药有限公司,45粒,2022-09-30
￥3.35,￥3.15,咽炎片,广东隆信制药有限公司,0.26g*36片,2022-08-31
￥8.00,￥7.30,左炔诺孕酮片(安婷),东北制药集团沈阳第一制药有限公司,1.5mg*1片,2025-04-30
￥16.20,￥15.90,氯霉素片,北大医药股份有限公司,0.25g*100片,2022-03-31
￥6.80,￥6.50,复方石韦胶囊,贵阳济仁堂药业有限公司,15粒*3板,2023-08-04
￥11.95,￥11.30,格列吡嗪控释片(智唐),淄博万杰制药有限公司,5mg*12片,2022-10-20
￥36.00,￥35.50,三黄片,湖北仁悦药业股份有限公司,0.26g*50片*30袋,2023-11-30
￥145.00,￥144.00,F合生元益生菌冲剂（儿童型）,合生元（广州）健康产品有限公司,1.5g*26袋,2022-05-15
￥23.95,￥23.75,辛伐他汀片,成都恒瑞制药有限公司,10mg*10片*2板,2022-10-25
￥24.50,￥23.80,瑞舒伐他汀钙片,浙江京新药业股份有限公司,10mg*6片*2板/盒,2022-11-30
￥18.00,￥17.58,盐酸氨基葡萄糖胶囊,浙江诚意药业股份有限公司,0.75g*20粒,2022-08-31
￥5.00,￥4.90,氧氟沙星凝胶,黑龙江天龙药业有限公司,20g:100mg,2022-09-30
￥65.00,￥64.00,骨化三醇软胶囊(盖三淳),正大制药（青岛）有限公司,0.25ug*10粒/板*2板/盒,2023-07-16
￥40.50,￥40.20,复方甲氧那明胶囊(阿斯美),第一三共制药（上海）有限公司,60粒,2023-07-31
￥2.00,￥1.90,磷酸苯丙哌林片,上海玉瑞生物科技（安阳）药业有限公司,20mg*100片/瓶,2022-07-31
￥7.20,￥6.50,枸橼酸喷托维林片(咳必清),国药集团容生制药有限公司,25mg*100片,2023-11-30
￥11.00,￥10.60,隐形眼镜护理液(水氧e清),陕西仁康药业有限公司,360ml,2022-05-26
￥3.00,￥2.90,宝宝湿疹膏,江西樟都药业有限公司,20g,2023-01-02
￥15.60,￥15.40,盐酸倍他司汀口服液(西其汀),黑龙江中桂制药有限公司,10ml：20mg*15支,2022-09-06
￥8.80,￥8.70,氢溴酸右美沙芬片,北京天衡药物研究院南阳天衡制药厂,15mg*12片*3板,2022-10-31
￥12.00,￥11.50,富马酸比索洛尔片(苏莱乐),成都苑东生物制药股份有限公司,2.5mg*18片/盒,2022-05-31
￥23.00,￥22.70,胞磷胆碱钠片,华润双鹤利民药业（济南）有限公司,0.1g*12片*2板,2022-05-31
￥9.00,￥8.90,清淋颗粒,盘锦恒昌隆药业有限公司,10g*12袋,2023-03-31
￥19.20,￥18.80,生理性海水鼻腔喷雾器(清舒),常州今人医疗科技有限公司,50ml(儿童),2023-12-01
￥14.00,￥10.00,万应胶囊,成都杨天万应制药有限公司,0.15g*9粒/板/盒,2021-09-25
￥12.50,￥12.30,厄贝沙坦氢氯噻嗪分散片,天津怀仁制药有限公司,150mg：12.5mg*10片,2022-04-30
￥3.25,￥3.20,人丹,广州王老吉药业股份有限公司,1.725g*1瓶,2022-06-25
￥12.30,￥12.10,双氯芬酸钠气雾剂,广东同德药业有限公司,40g,2023-09-30
￥5.60,￥5.50,人工牛黄甲硝唑胶囊,吉林道君药业股份有限公司,36粒,2023-10-12
￥3.30,￥3.20,红霉素软膏,遂成药业股份有限公司,0.1*20g,2022-08-31
￥6.00,￥5.90,暖宝宝,江西豪健实业有限公司,4片装,2022-12-01
￥8.00,￥7.78,阿司匹林肠溶片,沈阳奥吉娜药业有限公司,100mg*48片,2023-02-28
￥1.30,￥1.06,维生素B12片,山西利丰华瑞制药有限责任公司,25ug*100片,2022-10-31
￥6.90,￥6.80,暖胃舒乐片,吉林省俊宏药业有限公司,45片,2023-10-31
￥19.66,￥19.10,湿毒清胶囊,广西玉林制药集团有限责任公司,0.5g*30粒,2022-04-30
￥26.80,￥26.00,银丹心脑通软胶囊,贵州百灵企业集团制药股份有限公司,0.4g*36片,2022-09-19
￥11.50,￥11.30,头孢地尼分散片,海南日中天制药有限公司,0.1g*7片,2022-09-30
￥5.00,￥4.90,维胺酯维E乳膏,福建太平洋制药有限公司,15g,2023-10-31
￥11.40,￥11.00,六味地黄丸,北京同仁堂科技发展股份有限公司制药厂,120丸,2024-04-25
￥5.50,￥5.40,四季感冒片,辽宁兴海制药有限公司,0.36g*12片/板*4板/盒（薄膜衣）,2023-10-31
￥6.00,￥5.90,麻仁润肠丸,江西青春康源制药有限公司,6g*10袋,2022-11-19
￥8.50,￥8.10,苍耳子鼻炎胶囊,长春海外制药集团有限公司,0.4g*24粒,2022-10-31
￥5.40,￥5.30,明目上清片,吉林玉仁制药股份有限公司,12片*4板/盒,2023-04-08
￥18.00,￥17.60,盐酸氨基葡萄糖片,四川绿叶制药股份有限公司,240mg*45片,2022-02-28
￥9.50,￥9.40,小儿肺咳颗粒,天圣制药集团股份有限公司,3g/袋*6袋/盒,2023-09-30
￥8.50,￥8.40,头孢克肟颗粒,康普药业股份有限公司,50mg*18袋,2022-10-31
￥3.00,￥2.80,麻杏止咳片,吉林省长恒药业有限公司,0.26g*15片/板*2板/盒（薄膜衣）,2023-10-31
￥6.80,￥6.75,地塞米松磷酸钠滴眼液,新乡华青药业有限公司,5ml：1.25mg,2022-03-31
￥7.00,￥6.80,复方氯己定地塞米松膜,西安康华药业有限公司,2板*5片,2023-07-31
￥7.20,￥7.00,丹皮酚软膏,长春普华制药股份有限公司,20g,2022-07-25
￥20.70,￥20.20,双氯芬酸钠双释放肠溶胶囊(戴芬),Temmler Ireland Ltd.,75mg*10粒/盒,2022-03-25
￥4.10,￥4.00,萘敏维滴眼液,黑龙江天龙药业有限公司,7ml,2022-05-31
￥13.00,￥12.50,黄芪生脉饮,江西南昌济生制药有限责任公司,10ml*10支,2022-02-28
￥5.50,￥5.40,断血流胶囊,吉林敖东集团力源制药股份有限公司,0.35g*24粒/盒,2023-09-30
￥14.50,￥13.60,药艾条,烟台爱心药业有限公司,30克*10支,2024-05-10
￥6.80,￥6.70,罗红霉素分散片,沈阳管城制药有限责任公司,0.15g*21片/盒,2022-10-31
￥3.40,￥3.38,尼群地平片,赤峰万泽药业股份有限公司,10mg*100片,2022-12-31
￥7.30,￥7.20,布洛芬缓释胶囊,海南妙音春制药有限公司,12片*2板,2022-10-31
￥3.60,￥3.55,莲芝消炎胶囊,广东省惠州市中药厂有限公司,12粒,2021-12-25
￥5.00,￥4.68,盐酸二甲双胍缓释片,山东齐都药业有限公司,0.5g*10s*3板,2023-09-30
￥3.50,￥3.40,珍珠明目滴眼液,苏州工业园区天龙制药有限公司,10ml,2022-08-25
￥9.00,￥8.90,竹沥合剂(三吉),杭州华东医药集团康润制药有限公司委托浙江凯润药业股份有限公司,15ml*6瓶/盒,2022-06-30
￥16.50,￥16.30,少腹逐瘀胶囊,东阿济仁药业有限公司委托山东华信制药集团股份有限公司,0.45g*12粒/板*2板/盒,2022-11-06
￥29.00,￥28.50,复方天麻蜜环糖肽片(瑙珍),山西康欣药业有限公司,0.5g*6片*4板,2022-06-07
￥6.50,￥6.40,暖宫贴(暖宝宝),江西兴鹏实业有限公司,5贴/盒,2024-01-01
￥9.50,￥9.40,硝苯地平缓释片(欣美平),湖南华纳大药厂股份有限公司,10mg*15片*4板,2023-03-31
￥6.80,￥6.50,甲硝唑凝胶,湖北康正药业有限公司,10g：75mg/支/盒,2022-09-30
￥2.70,￥2.60,化痰平喘片,吉林省华侨药业集团有限公司,15片*2板,2023-11-30
￥4.50,￥4.40,小儿麻甘颗粒,湖南富兴飞鸽药业有限公司,2.5g*12袋,2022-10-31
￥10.75,￥10.30,前列舒乐胶囊,吉林省俊宏药业有限公司,18粒*2板,2023-09-30
￥21.50,￥21.10,复方高山红景天口服液,莎普爱思强身药业有限公司,10ml/支*10支/盒,2023-10-23
￥11.80,￥11.60,复方氯己定含漱液,江苏晨牌邦德药业有限公司,250毫升,2022-12-27
￥4.50,￥4.40,固肾生发丸,吉林省俊宏药业有限公司,2.5g*6袋,2023-11-30
￥3.90,￥3.80,盐酸左氧氟沙星胶囊,海南海神同洲制药有限公司,0.1g*12粒*2板,2022-10-31
￥1.00,￥0.95,灭菌注射用水,国药集团容生制药有限公司,2ml*10支,2023-02-25
￥4.80,￥4.50,颈康胶囊,吉林真元制药有限公司,0.3g*26粒,2022-09-30
￥6.20,￥6.15,头孢克肟分散片(先强严灵),广东华南药业集团有限公司,100mg*12片/盒,2022-09-08
￥13.80,￥12.80,四味珍层冰硼滴眼液(珍视明),江西珍视明药业有限公司,8ml,2022-04-25
￥59.50,￥59.00,门冬氨酸鸟氨酸颗粒,武汉启瑞药业有限公司,3g*10袋,2023-02-28
￥5.60,￥5.50,格列齐特缓释片,云鹏医药集团有限公司（原山西云鹏制药有限公司）,30mg*30片,2022-07-15
￥4.20,￥3.90,润目医用冷敷凝胶(焊王),陕西仁康药业有限公司,10ml/瓶/盒,2022-08-01
￥15.20,￥15.00,逍遥丸(浓缩丸),河南省济源市济世药业有限公司,480（每8丸相当于饮片3克）,2025-12-06
￥4.00,￥3.90,盐酸洛美沙星滴眼液,武汉诺安药业有限公司,8ml：24mg,2022-08-31
￥2.00,￥1.90,清凉油,广东恒健制药有限公司,4g/盒,2022-07-01
￥19.00,￥18.00,美沙拉秦肠溶片(美莎欣),黑龙江天宏药业股份有限公司,0.25g*24片,2022-09-07
￥4.40,￥4.30,盐酸特比萘芬乳膏,武汉诺安药业有限公司,15g,2022-09-30
￥8.00,￥7.60,复方鱼腥草糖浆,黑龙江中桂制药有限公司,10ml*10支/盒,2022-02-09
￥7.00,￥6.90,多索茶碱片,福安药业集团宁波天衡制药有限公司,0.2g*12片,2023-05-31
￥5.00,￥4.90,田七痛经胶囊,广州诺金制药有限公司,0.4g*24粒,2022-08-31
￥5.20,￥5.00,苯磺酸氨氯地平片,四川省百草生物药业有限公司,5mg*24片,2022-09-30
￥2.96,￥2.95,硝酸异山梨酯片(消心痛片),云鹏医药集团有限公司（原山西云鹏制药有限公司）,5mg*100片,2022-08-25
￥4.00,￥3.90,盐酸洛美沙星滴耳液,武汉诺安药业有限公司,8ml：24mg,2022-08-31
￥62.50,￥61.00,依托考昔片(安康信),Frosst Iberica SA（Spain）生产/杭州默沙东制药有限公司,120mg*5片,2022-12-15
￥1.50,￥1.40,开塞露（含甘油）,广东恒健制药有限公司,20ml/支*2支/盒,2023-08-05
￥22.40,￥22.10,L-谷氨酰胺呱仑酸钠颗粒(麦滋林),Kotobuki Pharmaceutical Co.Ltd（寿制药株式会社）,0.67g/袋*10g*15袋,2023-02-28
￥27.00,￥26.50,鼻炎康片,国药集团德众(佛山)药业有限公司,150片,2023-05-24
￥7.50,￥7.35,胱氨酸片,山西汾河制药有限公司,50mg*100片,2022-08-31
￥5.70,￥5.60,暖身贴（暖宝宝）增强型(富源堂),高安市富源堂医药科技有限公司,5贴/盒,2023-11-01
￥4.50,￥4.40,龙泽熊胆胶囊,吉林省华侨药业集团有限公司,0.25g*30粒,2023-10-31
￥4.80,￥4.70,丹皮酚软膏,山东明仁福瑞达制药股份有限公司,10g/支/盒,2022-08-10
￥7.10,￥6.85,桂林西瓜霜含片,桂林三金药业股份有限公司,0.62g*12片,2022-05-27
￥161.90,￥161.50,达比加群酯胶囊(泰毕全),上海勃林格殷格翰药业有限公司,110mg*10粒,2022-12-31
￥4.80,￥4.70,头孢克肟干混悬剂,广东彼迪药业有限公司,50mg*6袋,2022-12-07
￥4.00,￥3.90,烧焊工抑菌护理液,江西兴鹏实业有限公司,12ml/瓶/盒,2022-11-01
￥8.50,￥8.45,去痛片,赤峰赛林泰药业有限公司,100片,2023-03-31
￥12.00,￥11.80,丁硼乳膏,漳州无极药业有限公司,90g,2022-07-31
￥15.00,￥14.80,银杏叶滴丸,万邦德制药集团股份有限公司,63mg*5丸*12袋,2022-02-28
￥4.80,￥4.70,克林霉素甲硝唑搽剂,黑龙江天龙药业有限公司,20ml,2022-09-30
￥7.20,￥7.10,阿奇霉素干混悬剂,黑龙江诺捷制药有限责任公司,0.1g*12袋,2022-02-28
￥8.00,￥7.90,十二乌鸡白凤丸,江西桔王药业有限公司,9克*10袋,2022-04-25
￥8.50,￥8.40,肤痒颗粒,吉林省华侨药业集团有限公司,9g*11袋,2023-10-31
￥12.50,￥12.30,复方丹参片,云南郡筹制药有限公司,0.8g（相当于饮片1.8g）63片/瓶/盒（薄膜衣大片）,2023-08-31
￥10.00,￥9.80,六味地黄丸,湖北瑞华制药有限责任公司,480丸每8丸重1.44克（每8丸相当于饮片3g）/瓶/盒,2022-05-25
￥3.60,￥3.50,荡石片,长春人民药业集团有限公司,15片*2板,2023-10-31
￥21.80,￥21.30,地奥司明片,南京正大天晴制药有限公司,0.45g*24片,2024-10-31
￥3.00,￥2.90,狼毒软膏,江西樟都药业有限公司,20g,2022-10-05
￥15.00,￥14.50,盐酸多奈哌齐片(阿瑞斯),陕西方舟制药有限公司,5mg*7片,2022-10-23
￥7.50,￥7.40,克林霉素磷酸酯凝胶,黑龙江天辰药业有限公司,25克/支/盒,2022-09-30
￥3.80,￥3.50,口腔溃疡散,贵州瑞和制药有限公司,3g,2023-11-03
￥2.50,￥2.40,复方醋酸地塞米松乳膏,山东良福制药有限公司,20g:15mg,2022-07-18
￥7.00,￥6.90,百癣夏塔热片,黑龙江省济仁药业有限公司,0.31g*32片,2023-06-30
￥9.00,￥8.90,金刚藤咀嚼片,广州诺金制药有限公司,0.75g*24片,2022-11-30
￥6.00,￥5.50,盐酸班布特罗胶囊,湖南九典制药股份有限公司,10mg*10粒/板/盒,2022-10-31
￥6.00,￥5.90,金银花清清宝,江西兴鹏实业有限公司,8g/条*20条/盒,2023-01-01
￥4.50,￥4.40,润肺止咳胶囊,青海鲁抗大地药业有限公司,0.35g*12粒/板/盒,2022-11-25
￥54.00,￥53.80,除疤膏,郑州密丽药业有限公司,25g,2022-06-25
￥7.50,￥7.40,糠酸莫米松乳膏,武汉诺安药业有限公司,10g,2022-08-31
￥12.80,￥12.60,安尔眠胶囊,甘肃河西制药有限责任公司,0.36克*15粒*2板,2023-05-31
￥6.90,￥6.80,养胃颗粒（无糖）,正大青春宝药业有限公司,5g*6袋,2022-06-30
￥11.00,￥10.80,丁硼乳膏,漳州无极药业有限公司,65g/支,2022-09-30
￥7.50,￥7.20,解郁安神颗粒,吉林省松辽制药有限公司,5g*7袋/盒,2023-10-31
￥12.75,￥12.30,阿莫西林胶囊,华北制药股份有限公司,48粒,2022-10-31
￥48.00,￥47.00,去氧孕烯炔雌醇片(妈富隆),N.V.Organon,21片/盒,2023-01-31
￥3.50,￥3.40,天麻片,广西十万山制药有限公司,100片,2022-07-31
￥4.70,￥4.60,曲咪新乳膏,福建太平洋制药有限公司,15g,2023-10-31
￥36.00,￥35.50,复方醋酸氟轻松酊(皮炎宁酊),内蒙古大唐药业股份有限公司,50ml,2021-11-14
￥4.00,￥3.90,医用退热贴,江西樟都药业有限公司,（5cm*12cm)1贴/袋*4贴/盒,2023-01-02
￥32.00,￥31.50,F益生菌冲剂（儿童型）(合生元),合生元（广州）健康产品有限公司,1.5g*5袋/盒,2022-05-18
￥4.00,￥3.90,布洛芬缓释胶囊(玺福康),海南妙音春制药有限公司,0.3g*12粒/板/盒,2022-08-31
￥16.50,￥16.10,贞芪扶正颗粒,湖南时代阳光药业股份有限公司,15g*20袋/盒（含糖型）,2023-09-30
￥63.00,￥62.90,尿毒清颗粒(无糖型),康臣药业（内蒙古）有限责任公司,5g*18袋,2023-07-31
￥6.00,￥5.90,曲安奈德益康唑乳膏,福建太平洋制药有限公司,16g,2023-08-31
￥5.20,￥5.10,蒲地蓝消炎片,吉林道君药业股份有限公司,0.25g*24片*3板/盒,2023-01-08
￥4.50,￥4.40,凡士林润肤霜(抑菌护理霜),江西嘉上生物科技有限公司委托江西远峰药业有限公司,50g/盒,2022-12-01
￥4.80,￥4.70,腰息痛胶囊,哈尔滨天地药业有限公司,0.3g*12粒*3板/盒,2023-10-31
￥10.00,￥9.80,逍遥丸（浓缩丸）,湖北瑞华制药有限责任公司,480丸/瓶/盒,2023-08-31
￥13.80,￥13.60,百贝益肺胶囊,云南永孜堂制药有限公司,0.3g*24粒,2023-02-28
￥4.20,￥4.10,维生素B2片,山西亨瑞达制药有限公司,5mg*24片/板*4板/盒,2023-11-11
￥11.80,￥11.10,香砂养胃丸,湖北瑞华制药有限责任公司,480（每8丸相当于饮片3克）丸/瓶/盒,2023-03-25
￥7.50,￥7.40,四季感冒胶囊,广东佳泰药业股份有限公司,0.35g*48粒/盒,2022-09-30
￥14.00,￥13.60,强力枇杷露,哈尔滨市康隆药业有限责任公司,90ml/瓶/盒（无糖型）,2021-11-24
￥2.50,￥2.40,人绒毛膜促性腺激素（HCG）胶体金快速检测试纸（胶体金法）（笔型）(康乃格),深圳市康乃格生物技术有限公司,1支/盒,2022-10-08
￥6.60,￥6.50,益母草颗粒,江西桔王药业有限公司,15g*12袋,2022-11-30
￥7.50,￥7.40,克林霉素甲硝唑搽剂,黑龙江天龙药业有限公司,40ml,2022-09-30
￥9.80,￥9.70,地氯雷他定片,广东九明制药有限公司,5mg*9片,2022-11-30
￥6.50,￥6.40,连翘败毒丸,承德天原药业有限公司,9g*4袋,2023-04-30
￥15.50,￥15.00,追风透骨胶囊,回春堂药业股份有限公司,0.32g*24粒,2022-05-31
￥6.25,￥6.15,维A酸乳膏,山东良福制药有限公司,15g:3.75mg,2022-09-16
￥16.00,￥15.80,脑塞通丸,通化茂祥制药有限公司,7.5g*10丸/盒,2023-10-31
￥5.00,￥4.90,人工牛黄甲硝唑胶囊(玺福康),吉林天药本草堂制药有限公司,12粒*3板/盒,2022-09-04
￥7.00,￥6.90,通窍耳聋丸,长春人民药业集团有限公司,（每100粒重6g）6g*7袋/盒,2023-08-31
￥6.80,￥6.70,复方樟脑乳膏,广东人人康药业有限公司,15g,2022-08-31
￥6.00,￥5.90,老鹳草软膏,黑龙江天龙药业有限公司,30g,2022-07-30
￥8.50,￥8.40,甲磺酸酚妥拉明胶囊,苏州二叶制药有限公司,40mg*2粒*2板/盒,2022-09-30
￥12.50,￥12.30,胃肠灵胶囊,云南永孜堂制药有限公司,0.3g*24粒,2023-04-30
￥13.60,￥12.80,清肝利胆胶囊,江西康恩贝中药有限公司,24粒,2022-03-31
￥8.30,￥8.20,苄达赖氨酸滴眼液,长春普华制药股份有限公司,5ml,2022-10-31
￥7.90,￥7.80,吲哚美辛搽剂,广东恒健制药有限公司,50ml,2022-10-20
￥6.50,￥6.40,隐形眼镜护理液(舒适倍健),陕西健驰生物药业有限公司,150ml/瓶/盒,2022-11-14
￥3.60,￥3.50,盐酸洛美沙星滴耳液,武汉诺安药业有限公司,5ml：15mg,2022-08-31
￥10.20,￥9.60,知柏地黄丸,湖北瑞华制药有限责任公司,480丸（每8丸相当于原生药3克）/瓶/盒,2022-05-25
￥4.80,￥4.70,紫草油(远峰牌植物草本抑菌油),江西嘉上生物科技有限公司委托江西远峰药业有限公司,30ml/瓶/盒,2022-10-01
￥46.00,￥45.66,季德胜蛇药片,精华制药集团股份有限公司,0.4g*15片*2板/盒（薄膜衣）,2022-06-30
￥57.50,￥57.50,重组人干扰素α2b冷敷凝胶,武汉聚珺医药科技有限公司,3g/支*6支/盒（200万国际单位）,2022-08-19
￥5.50,￥5.40,萘敏维滴眼液,江苏远恒药业有限公司,8ml,2022-10-26
￥8.50,￥8.40,医用退热贴（护脑型）(小骑兵),佛山冰加退热贴有限公司（原佛山兵兵退热贴有限公司）,120mm*50mm*1片/袋*4袋,2022-11-09
￥8.95,￥8.60,西咪替丁胶囊,成都天台山制药有限公司,0.2g*60粒,2022-03-30
￥8.00,￥7.90,辛伐他汀片,山东鲁抗医药集团赛特有限责任公司,20mg*28片/盒,2022-10-10
￥3.40,￥3.30,复方岩白菜素片,湖南富兴飞鸽药业有限公司,12片,2023-09-30
￥2.00,￥1.90,诺氟沙星滴眼液,长春长庆药业集团有限公司,8ml:24mg,2022-08-31
￥6.50,￥6.40,克痤隐酮乳膏,黑龙江天辰药业有限公司,15g,2022-11-19
￥11.50,￥11.30,坎地沙坦酯片(搏力高),浙江永宁药业股份有限公司,8mg*7片*2板/盒,2023-08-31
￥8.50,￥8.40,氢溴酸右美沙芬胶囊,河南润弘制药股份有限公司,15mg*12粒*2板,2022-04-30
￥21.00,￥20.60,孟鲁司特钠片,江苏万高药业股份有限公司,10mg*5片/盒,2023-08-31
￥26.00,￥25.60,雷贝拉唑钠肠溶片(舒泰得),山东新华制药股份有限公司,10mg*6片/板*3板/盒,2022-07-27
￥9.20,￥9.10,头孢丙烯干混悬剂,海南日中天制药有限公司,0.25g*4袋/盒,2022-01-25
￥3.50,￥3.40,甲硝唑口颊片,江西广信药业有限公司,3mg*6片/板/盒,2022-07-31
￥4.80,￥4.70,西瓜霜抑菌喷剂(樟都),江西樟都药业有限公司,20ml/瓶/盒,2022-10-05
￥16.55,￥12.50,破立妥皮肤消毒喷雾剂,重庆灵方生物技术有限公司,10ml,2022-06-02
￥3.50,￥3.40,蛇油防裂甘油(植物草本抑菌甘油),江西兴鹏实业有限公司,120ml/瓶,2022-12-01
￥10.50,￥10.30,逍遥丸(浓缩丸),河南省济源市济世药业有限公司,360丸/瓶/盒（每8丸相当于饮片3克）,2025-12-02
￥4.30,￥4.20,手足裂可宁霜(抑菌护理霜),江西嘉上生物科技有限公司委托江西远峰药业有限公司,50g/盒,2022-12-01
￥4.50,￥4.40,冰硼咽喉散,贵阳德昌祥药业有限公司,1.5g*1瓶,2022-10-14
￥16.30,￥15.80,宁夏枸杞,江西宏洁中药饮片有限公司,150g,2022-12-21
￥5.80,￥5.70,痛经贴（暖宝宝）(富源堂),高安市富源堂医药科技有限公司,5贴/盒,2023-09-01
￥4.00,￥3.90,促黄体生成素检测试纸(胶体金免疫层析法）(GLD排卵试纸),深圳市康乃格生物技术有限公司,5人/份/盒,2022-11-16
￥97.50,￥97.00,复方鳖甲软肝片,内蒙古福瑞医疗科技股份有限公司,0.5g*36片/盒,2022-07-31
￥5.40,￥5.20,头孢克肟分散片,广东华南药业集团有限公司,0.1g*10片/盒,2022-04-17
￥8.90,￥8.80,麻仁润肠丸,河南华峰制药有限公司,3.2g*8袋,2022-06-30
￥3.25,￥3.15,肺宁片,吉林省百年六福堂药业有限公司,0.42g*12片/板*2板/盒（薄膜衣）,2023-03-25
￥5.50,￥5.40,天麻头风灵胶囊,通化利民药业有限责任公司,0.2*24粒,2023-02-28
￥4.10,￥4.00,全鹿丸,吉林省华侨药业集团有限公司,（每40丸重3g）6g*6袋,2023-11-30
￥6.50,￥6.40,磷酸川芎嗪胶囊,甘肃省西峰制药有限责任公司,50mg*12粒*2板,2022-07-31
￥11.50,￥10.80,生理性海水鼻腔喷雾器(鼻通),吉林省国大生物工程有限公司,50ml/瓶/盒,2023-03-25
￥6.60,￥6.40,坎地沙坦酯片(诺压坦),山西皇城相府药业股份有限公司,8mg*8片,2022-06-30
￥9.20,￥9.00,色甘酸钠滴眼液,湖北潜江制药股份有限公司,8ml:0.16g,2022-09-25
￥4.50,￥4.40,维生素E乳,江西兴鹏实业有限公司,100g/瓶,2022-11-01
￥20.00,￥19.60,皮肤病血毒片（薄膜衣）,陕西君碧莎制药有限公司,0.5g*4*12片/板/盒,2022-09-30
￥10.20,￥9.60,复方地龙胶囊,南京恒生制药有限公司,0.28g*12粒,2022-03-29
￥37.50,￥35.50,前列倍喜胶囊,贵州太和制药有限公司,0.4g*54粒,2022-08-14
￥5.00,￥4.90,复方樟脑乳膏,黑龙江天辰药业有限公司,10g/管/盒,2022-07-27
￥5.00,￥4.90,宝宝紫草油,江西兴鹏实业有限公司,30ml/瓶/盒,2022-12-01
￥3.80,￥3.70,麝香壮骨膏(健达),沈阳东陵药业股份有限公司,7cm*10cm*6贴/袋/盒,2022-08-31
￥4.90,￥4.80,维生素B12滴眼液,黑龙江天龙药业有限公司,8ml,2022-08-31
￥134.90,￥132.00,沙库巴曲缬沙坦钠片(诺欣妥),北京诺华制药有限公司,100mg*14片,2022-04-30
￥12.50,￥12.30,回奶宝山楂麦芽代用茶(妙丹堂),河南邦瑞特实业有限公司,4克*20袋/盒,2022-11-01
￥7.00,￥6.90,罗红霉素分散片,海南海神同洲制药有限公司,0.15g*20片,2022-09-30
￥10.80,￥10.60,复方樟脑乳膏,黑龙江天龙药业有限公司,30g,2022-06-25
￥10.00,￥9.80,替米沙坦片(特立康),重庆赛维药业有限公司,40mg*30片/盒,2023-10-31
￥5.00,￥4.90,安神胶囊,吉林省康福药业有限公司,0.25g*15粒/板*2板/盒,2023-04-30
￥3.50,￥3.35,马来酸氯苯那敏片,国药集团容生制药有限公司,4mg*100片/瓶,2023-02-25
￥6.00,￥5.90,艾草泡脚足浴粉（兴鹏牌）,江西兴鹏实业有限公司,8g*20袋/盒,2022-11-01
￥6.70,￥6.60,强力天麻杜仲胶囊,通化利民药业有限责任公司,0.2g*10粒/板*4板/盒,2023-09-30
￥11.50,￥11.30,赖氨酸维B12颗粒,华润三九（北京）药业有限公司,10g*10袋,2022-04-25
￥11.50,￥11.30,夜宁颗粒,福寿堂制药有限公司,20g*9袋,2022-08-31
￥3.80,￥3.70,伤湿祛痛膏(健达),沈阳东陵药业股份有限公司,7cm*10cm*6贴/袋/盒,2022-09-30
￥9.80,￥9.70,决明子,江西宏洁中药饮片有限公司,250g,2022-12-21
￥5.30,￥5.20,盐酸二甲双胍缓释片,哈尔滨同一堂药业有限公司,0.5g*14片*2板/盒,2023-09-30
￥10.40,￥9.80,藿香清胃胶囊,吉林省俊宏药业有限公司,14粒*3板,2022-12-25
￥5.00,￥4.90,荡石片,长春人民药业集团有限公司,15片*3板/盒（糖衣片）,2023-10-31
￥12.50,￥12.30,血塞通分散片,江苏中雍红瑞制药有限公司,0.25g（含三七总皂苷50mg）*27片,2022-04-30
￥4.80,￥3.95,滴通鼻炎水,广西欢宝药业有限公司,15ml,2021-12-25
￥5.00,￥4.90,醋酸氯己定痔疮栓,黑龙江天龙药业有限公司,20mg*10枚,2022-06-30
￥6.50,￥6.40,降脂宁颗粒(健达),沈阳东陵药业股份有限公司,10g/袋*9袋/盒,2022-09-30
￥10.50,￥10.30,藿香正气丸（浓缩丸）(浓缩丸),河南省济源市济世药业有限公司,360丸/瓶/盒（每8丸相当于原生药3克）,2024-07-01
￥7.50,￥7.40,痛经贴,江西兴鹏实业有限公司,5贴/盒,2023-10-01
￥8.00,￥7.90,益脑胶囊,芜湖绿叶制药有限公司,0.3g*20粒/盒,2022-09-25
￥5.30,￥5.20,喷昔洛韦乳膏,武汉诺安药业有限公司,（1%）10克/支/盒,2022-10-31
￥6.00,￥5.90,口气清新漱口水,江西兴鹏实业有限公司,260ml/瓶,2022-11-01
￥7.20,￥6.00,氯氮平片,江苏云阳集团药业有限公司,25mg*100片,2023-05-31
￥20.50,￥20.10,盐酸吡格列酮片(欧迪贝),石药集团远大（大连）制药有限公司,15mg*7片*4板,2023-08-31
￥15.20,￥15.00,藿香正气丸,河南省济源市济世药业有限公司,480丸（每8丸相当于原生药3克）,2025-05-17
￥39.00,￥37.00,林旦乳膏,河南方圆药业有限公司,1%*20g,2022-11-09
￥6.00,￥5.90,老姜泡脚足浴粉（兴鹏牌）,江西兴鹏实业有限公司,8g*20袋/盒,2022-11-01
￥6.70,￥6.60,金匮肾气丸,内蒙古九郡药业有限责任公司,70g/瓶/盒,2024-04-25
￥4.00,￥3.90,鑫玺牌川贝枇杷糖,鑫玺生物科技股份有限公司,37.5g(2.5g/粒*15粒)/盒,2022-09-03
￥2.50,￥2.40,宝宝湿疹膏(远峰牌植物草本抑菌膏),江西嘉上生物科技有限公司委托江西远峰药业有限公司,20g/支,2022-08-01
￥16.50,￥16.30,泌尿宁胶囊,甘肃省西峰制药有限责任公司委托杨凌科森生物制药有限责任公司,0.3g*15粒*3板/盒,2022-08-31
￥8.60,￥8.40,木香顺气丸,河南润弘本草制药有限公司,6g*10袋 水丸,2022-11-30
￥3.00,￥2.90,磷酸苯丙哌林胶囊,甘肃省西峰制药有限责任公司,12粒,2023-07-31
￥11.50,￥10.30,金莲花泡腾片,广东一力集团制药股份有限公司,2.5g*6片/盒,2022-03-31
￥5.20,￥5.10,心脑康胶囊,通化吉通药业有限公司,0.25g*12粒/板*4板/盒,2023-06-30
￥9.80,￥9.70,隐形眼镜护理液,陕西健驰生物药业有限公司,380ml,2022-11-01
￥8.60,￥8.50,盐酸特比萘芬喷雾剂,广东彼迪药业有限公司,15ml:0.15g,2022-10-12
￥6.00,￥5.90,大败毒胶囊,山西华元医药生物技术有限公司,0.5g*15粒*2板/盒,2022-08-31
￥5.60,￥5.50,玄麦甘桔颗粒,四川省迪威药业有限责任公司,10g/袋*12袋/盒,2022-08-31
￥2.50,￥2.40,湿毒清抑菌膏(远峰牌植物草本抑菌膏),江西嘉上生物科技有限公司委托江西远峰药业有限公司,20g/支,2022-08-01
￥6.50,￥6.40,伤口护理软膏(金万红),江西樟都药业有限公司,20g/支/盒（烧烫伤型）,2022-08-02
￥5.30,￥5.20,肺宁胶囊,吉林省通化博祥药业股份有限公司,0.3g*9粒/板*3板/盒,2023-05-25
￥4.50,￥4.40,百癣夏塔热片,陕西立众制药有限公司,每基片重0.3g*3*12片/板/盒,2022-06-12
￥798.00,￥795.00,阿胶,东阿阿胶股份有限公司,250g,2024-04-15
￥27.00,￥26.60,胖大海,江西宏洁中药饮片有限公司,130g,2022-11-19
￥7.30,￥7.20,聚维酮碘溶液,广东恒健制药有限公司,60ml,2022-08-04
￥4.30,￥4.20,天然VE护肤甘油(抑菌甘油),江西嘉上生物科技有限公司委托江西远峰药业有限公司,100ml/瓶,2022-12-01
￥6.00,￥5.90,山楂开味清清宝,江西兴鹏实业有限公司,8g/条*20条/盒,2023-01-01
￥13.00,￥12.60,癣药膏,黑龙江天龙药业有限公司,15g,2022-06-30
￥2.90,￥2.70,（晕车贴）医用冷敷贴,湖北惠真源药械有限公司,25mm*6贴/盒（ZY-2晕车专用型）,2023-11-30
￥8.50,￥8.40,清肺宁嗽丸,广盛原中医药有限公司（同药集团大同制药有限公司）,9g*10丸/盒,2024-08-31
￥5.00,￥4.90,复方黄连素片,吉林省银河制药有限公司,每片含盐酸小檗碱30mg*10片/板*4板/盒（糖衣片）,2022-08-31
￥30.00,￥29.60,西洋参氨基酸口服液(博诚瑞健),江西博诚药业有限公司,250ml/瓶*3瓶/盒,2023-01-01
￥7.00,￥6.90,盐酸二甲双胍肠溶胶囊(玺福康),珠海润都制药股份有限公司,0.25*30粒/盒,2023-07-31
￥7.00,￥6.90,乌洛托品溶液,黑龙江天龙药业有限公司,20ml,2022-04-25
￥4.20,￥4.10,抗骨增生片,吉林省银诺克药业有限公司,18片*2板/盒（糖衣片）,2023-02-20
￥5.80,￥5.70,三金清口维生素C咀嚼片（薄荷味）,桂林三金大健康产业有限公司,32g（0.8g*40）/瓶,2022-01-16
￥5.23,￥5.13,替米沙坦片,重庆赛维药业有限公司,40mg*14片/盒,2023-08-31
￥39.50,￥38.60,驼奶多维蛋白质粉固体饮料,安徽康博特保健食品有限公司,1000克/桶,2022-10-31
￥2.90,￥2.80,维生素B1片,山西亨瑞达制药有限公司,5mg*24片/板*4板/盒,2023-10-11
￥12.00,￥11.80,苯磺酸氨氯地平片,沈阳管城制药有限责任公司,5mg*8片*7板/盒,2022-07-31
￥4.30,￥4.10,医用冷敷贴（白马寺痛消贴）,湖北惠真源药械有限公司,90mm*120mm*3贴/袋*2袋/盒,2023-09-30
￥5.20,￥5.10,活络消痛片,通化斯威药业股份有限公司,0.35g*12片*3板/盒,2022-05-31
￥21.80,￥21.40,利脑心片,吉林省通化博祥药业股份有限公司,0.42g*9片/板*3板/盒（薄膜衣）,2023-02-28
￥8.00,￥7.90,维C果汁滋养润唇膏（草莓香型）,广州舒雪健康科技有限公司,3.8g,2024-01-02
￥8.00,￥7.90,维C果汁滋养润唇膏（薄荷香型）,广州舒雪健康科技有限公司,3.8g,2023-10-15
￥3.50,￥3.40,口腔抑菌护理喷剂(葛山七草/西瓜霜),江西嘉上生物科技有限公司委托江西远峰药业有限公司,30ml/盒,2022-10-01
￥4.60,￥4.50,维生素B6片,山西亨瑞达制药有限公司,10mg*24片/板*4板/盒,2023-10-15
￥12.50,￥12.30,复方水杨酸甲酯苯海拉明喷雾剂,广东同德药业有限公司,40ml,2023-08-31
￥9.50,￥9.40,陈皮,江西宏洁中药饮片有限公司,100g,2022-12-21
￥8.25,￥8.15,大败毒胶囊,山西德元堂药业有限公司,0.5g*10片*4板/盒,2022-04-29
￥5.80,￥5.70,盐酸特比萘芬乳膏,武汉诺安药业有限公司,25g/支,2022-06-25
￥4.50,￥4.40,克林霉素磷酸酯凝胶,黑龙江天辰药业有限公司,10g:0.1g,2022-11-21
￥6.00,￥5.90,藏红花泡脚足浴粉（兴鹏牌）,江西兴鹏实业有限公司,8g*20袋/盒,2022-11-01
￥6.50,￥6.40,醋酸曲安奈德益康唑乳膏,武汉诺安药业有限公司,20克/支/盒,2022-08-31
￥16.00,￥15.80,阿胶红糖姜茶,安徽草珊瑚生物科技有限公司,160g（8g*20袋）,2022-12-01
￥38.50,￥37.60,氨基酸蛋白质粉固体饮料,安徽康博特保健食品有限公司,1000克/桶,2022-08-05
￥53.00,￥52.50,布地奈德鼻喷雾剂(雷诺考特),上海强生制药有限公司,32ug/喷*120喷/支/盒,2022-03-31
￥5.20,￥5.10,复方羊角颗粒,江西新远健药业有限公司,8g*9袋/盒,2022-08-31
￥6.00,￥5.90,果蔬多维清清宝,江西兴鹏实业有限公司,8g/条*20条/盒,2022-12-01
￥4.30,￥4.20,宝宝山茶护肤甘油(抑菌甘油),江西嘉上生物科技有限公司委托江西远峰药业有限公司,100ml/盒,2022-10-01
￥10.00,￥9.80,胃康胶囊,云南保元堂药业有限责任公司,0.3g*24粒,2025-11-22
￥8.10,￥8.00,两面针中药强效护龈牙膏（清新水果香型）,柳州两面针股份有限公司,140g,2023-10-12
￥14.50,￥13.80,苯磺酸左氨氯地平片,华北制药股份有限公司,2.5mg*10片/板*2板/盒,2023-06-30
￥4.00,￥3.90,二甲双胍格列本脲片(Ⅰ),通化久铭药业有限公司,20片,2023-05-31
￥25.50,￥25.30,季德胜蛇药片,精华制药集团股份有限公司,0.4g*15片,2022-05-31
￥11.00,￥10.60,天然芦荟胶抑菌凝胶(天然芦荟胶),江西百瑞生物科技有限公司,30g/支/盒,2022-06-17
￥8.00,￥7.90,维C果汁滋养润唇膏（香橙型）,广州舒雪健康科技有限公司,3.8g,2023-10-15
￥20.50,￥20.10,苯磺酸左氨氯地平片,华北制药股份有限公司,2.5mg*10片*3板/盒,2023-08-31
￥3.00,￥2.90,兴鹏牌皮肤抑菌膏（硫磺软膏）,江西兴鹏实业有限公司,20g/支,2022-11-01
￥5.60,￥5.40,防风通圣丸,河南润弘本草制药有限公司,6g*10袋 水丸,2023-03-31
￥7.50,￥7.40,盐酸羟甲唑啉滴鼻液,黑龙江天辰药业有限公司,10ml:5mg,2022-10-25
￥8.80,￥8.70,癣药膏,黑龙江天龙药业有限公司,6g,2022-05-25
￥5.60,￥5.50,两面针爱牙牙儿童牙膏（香橙香型）,柳州两面针股份有限公司,40g,2023-09-21
￥5.90,￥5.70,通宣理肺丸,河南润弘本草制药有限公司,大蜜丸每丸重6g*10丸/盒,2023-03-31
￥8.80,￥8.70,荷叶,江西宏洁中药饮片有限公司,30g,2022-12-21
￥4.30,￥4.20,远峰牌植物草本抑菌喷剂(葛山七草虱疥一扫光),江西嘉上生物科技有限公司委托江西远峰药业有限公司,60ml/瓶/盒,2022-10-01
￥12.00,￥11.80,医用冷敷凝胶（芦荟胶）(秀雨),福州绿野生化技术有限公司,50g/盒,2022-07-01
￥4.80,￥4.70,清凉防暑颗粒,广西圣民制药有限公司,10g*12袋/盒,2022-04-25
￥2.50,￥2.40,百草癣痒抑菌膏(远峰牌植物草本抑菌膏),江西嘉上生物科技有限公司委托江西远峰药业有限公司,20g/支,2022-08-01
￥7.00,￥6.70,护肝片,吉林白山正茂药业股份有限公司,20片/板*5板/盒,2023-09-30
￥39.80,￥39.40,氨基酸蛋白粉蛋白固体饮料,江西兴鹏实业有限公司,900g/听,2023-01-01
￥5.30,￥5.20,加替沙星滴眼液,武汉诺安药业有限公司,0.3%（5ml:15mg）5ml/支/盒,2022-04-25
￥19.00,￥18.10,天然胶乳橡胶避孕套(双保超薄)(多乐士),东洋松蒲乳胶（锦州）有限公司,12只,2025-08-31
￥11.80,￥11.43,甘草,江西宏洁中药饮片有限公司,120g,2022-12-02
￥2.60,￥2.50,硝酸咪康唑乳膏,遂成药业股份有限公司,10g(2%),2022-01-25
￥27.00,￥26.60,丹参酮胶囊,河北兴隆希力药业有限公司,0.25g*12粒*3板,2023-04-01
￥10.50,￥10.30,健脾丸,河南省济源市济世药业有限公司,360丸/瓶/盒（每8丸相当于原生药3克）,2025-06-03
￥19.00,￥18.80,天然胶乳橡胶避孕套(超薄薰衣草)(多乐士),马来西亚古米特工业有限公司,12只/盒,2025-01-25
￥7.80,￥7.70,槐角丸,药都制药集团股份有限公司,54g（每45粒重9g）/瓶/盒,2025-09-14
￥4.50,￥4.40,萘敏维滴眼液,合肥利民制药有限公司,15ml/支/盒,2022-03-30
￥11.63,￥11.30,两面针中药养龈固齿牙膏（温润薄荷香型）,柳州两面针股份有限公司,140g,2023-10-30
￥5.60,￥5.50,两面针爱牙牙儿童牙膏（哈密瓜香型）,柳州两面针股份有限公司,40g,2023-08-03
￥39.50,￥38.60,羊奶钙铁锌蛋白质粉固体饮料,安徽康博特保健食品有限公司,1000克/桶,2023-01-03
￥6.30,￥6.20,田七痛经胶囊,山西华元医药生物技术有限公司,0.4g*15粒*3板/盒,2023-05-31
￥39.50,￥38.60,中老年加钙蛋白质粉固体饮料,安徽康博特保健食品有限公司,1000克/桶,2022-10-03
￥15.50,￥15.30,天然胶乳橡胶避孕套（多乐士精品激情）,广州双一乳胶制品有限公司,12只,2025-02-25
￥24.00,￥23.60,羟苯磺酸钙胶囊(安多明),贵州天安药业股份有限公司,0.25g*48粒/盒,2023-07-31
￥3.50,￥3.40,医用退热贴,湖北惠真源药械有限公司,3片/盒,2023-08-31
￥8.50,￥8.40,连翘败毒丸,包头中药有限责任公司,9克/袋*6袋/盒,2023-04-30
￥6.60,￥6.50,石淋通胶囊,回音必集团浙江齐齐制药有限公司,0.45g*30粒,2022-05-25
￥24.00,￥23.60,天然胶乳橡胶避孕套(梦幻浪漫环纹)(多乐士),马来西亚古米特工业有限公司,12只,2025-06-30
￥13.80,￥13.60,胃舒宁颗粒,甘肃省西峰制药有限责任公司,5g*9袋,2022-01-25
￥3.90,￥3.80,强力枇杷露,武汉康乐药业股份有限公司,100ml/瓶,2022-04-30
￥13.80,￥13.60,百合,江西宏洁中药饮片有限公司,120g,2022-08-02
￥8.40,￥8.30,酮洛芬凝胶,武汉诺安药业有限公司,2.5%（20g：0.5g）20g/支/盒,2022-08-31
￥7.30,￥7.20,葡萄糖酸氯己定软膏(泰林海),福元药业有限公司,（10g：0.02g（0.2%））25g/支,2022-02-25
￥12.00,￥11.80,苦参胶囊,云南永孜堂制药有限公司,0.33g*36粒,2022-04-30
￥39.50,￥38.60,中老年无蔗糖蛋白质粉固体饮料,安徽康博特保健食品有限公司,1000克/桶 (无蔗糖）,2022-08-05
￥15.20,￥14.30,八珍丸,河南省济源市济世药业有限公司,480丸（每8丸相当于原生药3克）,2025-10-18
￥10.80,￥10.55,金边玫瑰,江西宏洁中药饮片有限公司,60g,2022-11-02
￥6.00,￥5.90,复方酮康唑乳膏,江苏晨牌邦德药业有限公司,10g*20g/支/盒,2022-10-02
￥17.00,￥16.30,桑葚,江西宏洁中药饮片有限公司,120g/罐,2022-12-21
￥19.50,￥18.80,玛卡片,江西宏洁中药饮片有限公司,150g,2022-12-21
￥4.50,￥4.40,儿童金银花凉茶,博罗县罗浮山益草保健凉茶厂,6克*12包,2022-04-01
￥39.80,￥39.40,无蔗糖蛋白粉蛋白固体饮料,江西兴鹏实业有限公司,900g/听,2022-11-01
￥9.80,￥9.70,创恩牌钙铁锌硒氨基酸口服液,江西鑫源欣实业有限公司,250ML/瓶（附量具）,2022-09-01
￥62.00,￥51.70,六味地黄丸,江西汇仁药业股份有限公司,8丸*45袋,2022-11-30
￥10.00,￥9.80,硝酸益康唑溶液,广东恒健制药有限公司,（1%）50ml（带喷头）,2022-04-05
￥42.00,￥41.60,三七花,江西宏洁中药饮片有限公司,60g,2022-11-02
￥12.70,￥12.30,两面针中药御方姜盐牙膏（姜爽盐清香型）,柳州两面针股份有限公司,105g,2023-06-04
￥4.30,￥4.20,维生素E乳,江西嘉上生物科技有限公司委托江西远峰药业有限公司,100g/瓶,2022-09-01
￥3.50,￥3.40,维生素B12片,山西亨瑞达制药有限公司,25μg*24片/板*4板/盒,2022-10-05
￥5.60,￥5.50,百草清爽抑菌喷剂,江西盖天灵药业有限公司,60ml/瓶/盒,2022-04-01
￥29.00,￥28.60,创恩牌钙铁锌硒氨基酸口服液,江西鑫源欣实业有限公司,250ml*3瓶/盒（附量具）,2022-09-01
￥3.00,￥2.90,兴鹏牌植物草本抑菌膏(乌蛇止痒),江西兴鹏实业有限公司,20g/支/盒,2022-10-01
￥4.30,￥4.20,宝宝紫草膏(紫草抑菌膏),江西兴鹏实业有限公司,20g/支/盒（铁盒）,2022-11-01
￥44.50,￥44.10,+WIS+玻尿酸极润面膜,广州慕可生物科技有限公司委托广州科美生物科技有限公司,25g*10片/盒,2023-12-06
￥16.00,￥15.30,瑞芙脱毛膏,广州瑞虎精细化工有限公司,50克+30克,2023-04-15
￥15.50,￥15.00,莲子,江西宏洁中药饮片有限公司,180g,2022-12-21
￥2.50,￥2.40,狼毒抑菌膏(远峰牌植物草本抑菌膏),江西嘉上生物科技有限公司委托江西远峰药业有限公司,20g/支,2022-08-01
￥25.00,￥24.30,阿托伐他汀钙胶囊,天方药业有限公司,20mg*7粒/盒,2023-03-31
￥42.00,￥41.60,驼奶高钙营养粉,安徽草珊瑚生物科技有限公司,1000g,2022-11-01
￥8.80,￥8.70,薄荷茶,江西宏洁中药饮片有限公司,30g,2022-08-02
￥8.80,￥8.70,白带丸,药都制药集团股份有限公司,6g*10袋/盒,2023-05-04
￥7.00,￥6.90,金银花祛火口腔含漱液,西安佳立佳生物医药有限公司,180ml/瓶/盒（绿色苹果味）,2022-07-01
￥10.00,￥9.60,盐酸非索非那定胶囊,国药集团广东环球制药有限公司,60mg*12粒/盒,2022-05-25
￥9.80,￥9.60,头孢克肟胶囊,广东粤龙药业有限公司,0.2g*6粒/板/盒,2022-10-07
￥12.80,￥12.50,茉莉花,江西宏洁中药饮片有限公司,40g,2022-08-02
￥6.00,￥5.90,钙铁锌清清宝,江西兴鹏实业有限公司,8g/条*20条/盒,2022-10-01
￥6.90,￥6.80,蜂胶vc口腔含漱液(天元永诚),西安佳立佳生物医药有限公司,180ml/瓶/盒,2022-04-01
￥39.00,￥37.60,猴头菇蛋白质粉固体饮料,安徽康博特保健食品有限公司,1000克/桶,2022-10-03
￥49.00,￥48.60,创恩牌钙铁锌硒氨基酸口服液,江西鑫源欣实业有限公司,250ml*5瓶/盒（附量具）,2022-11-02
￥20.50,￥19.90,盐酸消旋山莨菪碱注射液,安徽长江药业有限公司,1ml:10mg*10支/盒,2022-07-31
￥13.80,￥13.30,苦丁茶,江西宏洁中药饮片有限公司,100g,2022-08-02
￥24.00,￥23.60,金丝皇菊（代用茶）,江西宏洁中药饮片有限公司,20朵,2022-10-07
￥28.00,￥27.60,+WIS+控油祛痘洁面乳（男士）,广州慕可生物科技有限公司委托佛山市梦莎美容化妆品有限公司,180g/瓶/盒,2023-09-08
￥39.50,￥39.10,+WIS+痘肌多效修护面膜,广州慕可生物科技有限公司委托广州储美化妆品有限公司,25g*10片/盒,2023-11-09
￥24.60,￥24.20,+WIS+碳酸洁面泡沫,广州慕可生物科技有限公司委托中山市天图精细化工有限公司,150ml/瓶/盒,2023-11-09
￥20.00,￥19.60,善年牌钙维生素D咀嚼片,黑龙江众生生物工程有限公司,2g*60片/盒,2022-05-25
￥8.80,￥8.70,振源口服液,吉林省通化博祥药业股份有限公司,10ml*10支/盒,2023-08-31
￥4.00,￥3.90,兴鹏牌植物草本抑菌膏(百草止痒),江西兴鹏实业有限公司,20g/支/盒,2022-09-01
￥11.50,￥11.30,黄杨宁片,山西同达药业有限公司,0.21g*（含环维黄杨星D 1mg）12片/板*2板/盒,2023-07-31
￥3.60,￥3.50,鼻康医用冷敷凝胶,陕西仁康药业有限公司,25ml/瓶/盒（通用喷洒型）,2022-06-01
￥17.80,￥16.80,健肾生发丸,同药集团大同制药有限公司,9g*10丸,2024-12-31
￥5.00,￥4.90,氟康唑滴眼液,武汉诺安药业有限公司,5ml:25mg/支/盒,2022-09-30
￥35.00,￥34.70,鸡内金益生菌蛋白质粉固体饮料,安徽康博特保健食品有限公司,1000克/桶,2022-02-15
￥35.00,￥34.70,儿童益生元蛋白质粉固体饮料,安徽康博特保健食品有限公司,1000克/桶,2022-02-15
￥5.00,￥4.90,乐夫紫药抑菌膏(远峰牌植物草本抑菌膏),江西嘉上生物科技有限公司委托江西远峰药业有限公司,30g/盒,2022-08-01
￥39.50,￥39.10,+WIS+隐形水润面膜,广州慕可生物科技有限公司委托广州科美生物科技有限公司,25g*10片/盒,2023-12-10
￥83.80,￥83.40,+WIS极润保湿套装,广州慕可生物科技有限公司委托广州市复大生物科技有限公司,100ml*115ml*50g*100ml,2023-10-22
￥5.80,￥5.70,三金清口维生素C咀嚼片（柠檬味）,桂林三金大健康产业有限公司,32g（0.8g*40）/瓶,2021-09-23
￥40.00,￥39.60,米氮平片,哈尔滨三联药业股份有限公司,15mg*20片,2022-04-30
￥4.80,￥4.70,葛洪脚气水(健达),沈阳东陵药业股份有限公司,20ml/瓶/小盒,2022-05-25
￥2.90,￥2.85,醋酸地塞米松片,辰欣药业股份有限公司,0.75mg*100片,2022-07-08
￥13.50,￥12.80,盐酸曲美他嗪片,北京福元医药股份有限公司,20mg*30片,2022-10-31
￥10.70,￥10.30,格列齐特缓释片(利宁格),北京福元医药股份有限公司,30mg*30片,2022-04-30
￥26.00,￥14.40,云南白药牙膏(薄荷清爽）,云南白药集团股份有限公司,210g,2023-10-23
￥20.90,￥19.30,云南白药牙膏(薄荷清爽型）,云南白药集团股份有限公司,150g,2023-08-10
￥16.00,￥4.80,甲钴胺分散片,江苏四环生物制药有限公司,0.5mg*20片/盒,2022-09-30
￥8.00,￥7.00,小儿七星茶颗粒,中山市恒生药业有限公司,7g*10袋/盒,2022-07-31
￥8.80,￥8.30,银翘解毒颗粒,中山市恒生药业有限公司,15g*10袋/袋,2022-11-30
￥9.00,￥8.90,左炔诺孕酮片,北京法莫斯达制药科技有限公司,1.5mg*2片/盒,2023-05-08
￥8.00,￥7.90,脚爽液体敷料(秀雨),福州绿野生化技术有限公司,50ml/瓶/盒（喷雾型）,2022-04-11
￥35.80,￥35.40,+WIS+芦荟胶,广州慕可生物科技有限公司委托傲雪（广州）生物科技有限公司,300g/盒,2023-06-09
￥3.50,￥3.40,萘敏维滴眼液,合肥利民制药有限公司,8ml/支/盒,2022-05-26
￥9.50,￥9.40,大麦茶,江西宏洁中药饮片有限公司,250g,2022-11-19
￥12.30,￥11.80,蛹虫草,江西宏洁中药饮片有限公司,50g/瓶,2022-08-02
￥4.00,￥3.90,兴鹏牌植物草本抑菌膏(顽陂净乳膏),江西兴鹏实业有限公司,20g/盒,2022-09-01
￥4.80,￥4.70,蚊不叮驱蚊液,江西兴鹏实业有限公司,60ml/瓶/盒,2022-08-01
￥5.20,￥5.10,美夫湿润膏（抑菌膏）,江西兴鹏实业有限公司,20g/盒,2022-09-01
￥19.00,￥18.80,地榆升白胶囊,四川奇力制药有限公司,0.2g*12粒*2板/盒,2022-06-30
￥24.00,￥23.60,液体敷料(医用洗护液),四川滋兴生物科技有限公司,2kg/瓶,2022-07-20
￥8.50,￥8.40,氟罗沙星胶囊,无锡福祈制药有限公司,0.1g*6粒/板/盒,2023-05-31
￥12.00,￥11.80,盐酸氨基葡萄糖颗粒,涿州东乐制药有限公司,0.48g*12袋/盒,2022-08-31
,,,,,
,,,,,
,,,,,
,,,,,
,,,,,
,,,,,
,,,,,
,,,,,
,,,,,
